read_count,title,Date
13,真是无语它大爷，你敢涨5个点我就敢卖。。。,05-07 01:06
1,今年就这样了，垃圾不敢拉,05-07 01:23
86,16块买的有吗,05-07 10:48
39,今天进来了，陪兄弟们,05-07 11:44
122,岭南控股12.83买的，什么时候能涨起来？,05-07 10:55
24,就算再跌，今天也跌不到11.8。感觉在企稳上涨，就是涨的有点少,05-07 12:47
260,这个可以申述索赔吗？,05-06 11:52
45,又是老套路,05-07 09:36
49,除了几个托在嚷嚷，没人关注了。很好理解，一个旅游股，五一前后都废了，还有什么可看,05-07 10:23
43,今天补涨的行情，还能绿也是无语了,05-07 10:35
78,15块买的有一起的吗,05-07 09:36
36,今天又诱多冲高回落,05-07 10:49
30,1日游怎可能有人信你？退市吧板块最差走势,05-07 10:31
67,别进了散户们，什么工具都是虚的，上面3000万的压单，日常冲高回落或者开盘就砸，,05-07 09:46
41,马上又要绿了,05-07 09:53
37,《悬崖》正式开播了。,05-07 10:30
201,股东们，明天可以在这里躲牛市了,05-06 10:32
30,[看空],05-07 10:19
44,买了就跌，卖了就涨，亏死得了！,05-07 10:00
35,兄弟们可以进去了赚几个点又可以卖出了,05-07 09:48
38,真孙子啊。。。又骗人，加仓在了最高点,05-07 09:40
49,岭南控股：融资净买入74.43万元，融资余额1.33亿元（05-06）,05-07 08:57
202,选错票的代价不仅仅是亏损,05-06 01:41
223,兄弟们，8月底，9元附近可入。,05-06 08:42
181,这次真踏马的发配岭南了,05-06 02:16
627,今天，文化和旅游部公布五一假期旅游市场数据：在5天的时间内，全国国内出游人次3.,05-06 12:54
286,据广东发布消息，2025年“五一”假期五天（5月1日—5日），广东接待游客460,05-06 09:22
246,最近洗的也够干净了，剩下的都是铁头的了，也差不多该上攻了,05-06 05:02
128,买你倒血霉,05-06 01:57
156,和欧洲取消限制了，还不涨？,05-06 03:37
168,虽然尾盘涨了，但还是不敢买，这庄太恶了，而且也没格局，割肉走人，在这个股一天搞得,05-06 03:05
179,11.91走了，我是在11.9支撑位买的，磨磨蹭蹭三天才解套，太难了这个票，开盘,05-06 02:10
189,解套了，拉黑这个票,05-06 01:35
238,请问贵公司运营有在策划景区旅游新玩法么.游客们可乘载无人机高空俯瞰景区·创造新玩,05-06 03:00
120,反弹无力必有新低，水上跑路水下等着吧,05-06 01:29
177,一个上午了，还是和开盘价一样，真的是让人叹为观止，11.90支撑位买的，能回本吗,05-06 01:08
92,看看能否突破上个交易日尾盘日均线，11.89，现在就是这个价,05-06 02:06
108,没个涨停不会有人再关注，退市吧,05-06 11:26
123,就看这两天能不能守住55日均价线了11.33。,05-06 09:51
106,这主力是真狠，铁了心的。4月29号和30号，这两天12块附近进来抄底的，他都不愿,05-06 01:48
90,对于这种前期强势股就要有跑路的决心，我不信我水上跑的还能一卖就起飞,05-06 01:43
156,五百多家绿的，而你就是其中一个。不得不佩服我这选股的眼光！,05-06 10:58
88,大盘红了那么多怎么还不反弹？别浪费了一个五一啊,05-06 10:22
176,13.7买的，刚卖了，亏了20个点受不了。在这个股错失了好多机会。,05-06 10:37
135,风水轮流转，四月份你在大消费的都能赚钱，科技板块一片哀嚎，大盘涨也是绿，大盘小跌,05-06 01:31
93,14.2的本怎么办,05-06 01:23
81,唉，下跌趋势没有明显企稳,05-06 01:12
185,连续跌了半个月，这辈子被忽悠买的最恶心的股了，也怪我自己大意了,05-06 09:34
108,一路向下30%多，没有一丝反弹，真的不多见。,05-06 10:06
167,3，5个点的反弹都不给简直了,05-06 10:04
227,11.15附近看涨明天开盘跑跑跑砸砸砸,05-05 04:39
249,a杀了，啥利好都没用盘整到下一个旅游上涨周期吧,05-05 07:25
454,[图片],05-04 05:53
258,兄弟们，明天10：00整，《悬崖》正式开播了，重温一下剧情。,05-05 10:02
198,不出意外这几天大反攻正式开始,05-05 04:32
293,搞不懂了，明天看情况，手上两支旅游，如果水下都割肉了，去骨骼机器人了,05-05 07:46
270,离境退税又秀一把，岭南的免税牌照好久落实啊，不知道今年能不能创新高破15元，兄弟,05-05 05:34
421,咋被ST啦？,05-04 06:29
190,我关心广之旅业绩如何听说境内境外游很强,05-05 02:50
270,这次五一假期刷屏的是“天女散花”洛阳文旅，央视、新华网都报道，可惜洛阳文旅没有上,05-05 09:02
416,$金河生物(SZ002688)$$岭南控股(SZ000524)$$歌尔股份(SZ,04-04 04:25
334,拉吉中的拉吉,05-04 04:54
368,割以永治,05-04 11:50
651,还行，跨境有利好消息了，周一有可能拉一下,05-03 01:07
83,五一旅游大热度，岭南节后涨涨涨,05-04 12:40
410,$岭南控股(SZ000524)$,05-03 10:04
461,节后开盘起飞,05-01 10:04
368,兄弟吗旅游吗？12.5的成本，旅游很开心,04-30 05:14
351,咋办啊，15块多本，今年都不知道能不能回本了,04-30 12:52
587,这股当初是我最看好的，给那个谁忽悠最低点下车了，以后关闭评论,05-02 06:43
99,又跟周五一样,04-14 02:41
542,要是两个跳空低开下杀，估计就到底了吧？我看有的票就这么玩，然后还破前高,05-02 05:57
377,本轮反弹高点14.2左右,05-02 11:58
370,兄弟们，我准备下个礼拜二反抽离场，实在亏得受不了了，去人工智能能捞点是一点。,05-02 10:19
491,12被套了，可能要等到七月份了,04-30 03:48
647,兄弟们成本多少啊，旅游开盘后是不是凉了,05-01 07:12
160,看周线周期，做好跌破10日线的准备！加油！发财！五一快乐！,05-01 01:00
1323,月线三重顶.........接下来怎么走；自己脑补吧.......,05-01 03:52
428,干,05-01 05:01
231,总市值创历史新高后的正常回调,04-22 03:54
376,没有最低，只有更低！,05-01 10:51
362,我就想问问为什么天天跌,04-30 04:32
441,割肉走人了,04-30 06:08
671,旅游板块持续下跌说明市场对今年旅游业绩预期不好看实际情况吧股票属于领先指标另外该,04-30 03:53
259,五一后会到10.5嘛，跌到10.5附近我就干。,04-30 11:12
238,4000股上涨，我手上岭南和众信天天绿！什么玩意割肉，业绩好有个屁用,04-30 12:46
533,准备做二波！！！,04-30 09:47
409,半年线附近可以考虑入场或者补仓！,04-30 09:45
456,被套了20多个点了，看看10月份能回本不？,04-30 04:30
339,还是主力在做空五一业绩出来就好了持续看好,04-30 08:32
460,这几天主力连续吃，这是要干啥子呢？,04-30 08:05
320,节后估计要大幅跳空低开了,04-30 03:18
114,16.17元（赚多赚少都是赚，就是不能高位套牢呀。）,04-11 10:10
685,岭南控股：2025年一季度净利润2658.29万元 同比增长8.88%,04-30 03:22
389,今年涨幅＞20％的三只旅游股:第一名:祥源文旅，涨幅39.91％。第二名:岭南控,04-30 05:47
345,都在唱空，耍小聪明让我割肉，老子就是不割，还有七个点回本，我还要挣钱走,04-30 04:54
313,还得跌两天左右,04-30 03:41
330,节后大盘向上，最起码一周的行情，，旅游板块差不多也跌到位了，开始一波反弹。。,04-30 03:45
302,进来就被套,04-30 03:45
359,没有钱拿什么消费，拿什么旅游，扯蛋，12.6的成本，买在山顶，有一样的兄弟吗,04-29 09:17
316,你要是被岭南股份硬控了，你就眨眨眼，不是这样毫无底线的下跌,04-30 03:25
114,兄弟们你们加油，亏了20个点，我割了，受不了了,04-30 10:05
176,什么鬼，天天跌，无敌了,04-30 09:58
282,眼瞎，海南华铁不买，买了这个拉几,04-30 02:17
306,没有大方向已经迷路了同岭南股份一齐同行,04-30 03:03
300,兄弟们，完蛋了。,04-30 02:56
332,睡午觉梦见跌到11.77。醒来发现是梦，还觉得今天这个行情应该不可能。还真的能应,04-30 02:45
893,能有点动静不？,04-17 05:08
326,兄弟们你们加油，亏了18个点，我割了，受不了了真的太恶心了,04-30 10:12
231,支撑位进来的，一下子就跌破了11.90，买早了,04-30 01:34
262,这个A杀的,04-30 02:15
167,11.7元开启二融，今年百分之80仓位就旅游了，岭南为主，百分之20农业，其他他,04-24 11:43
199,一季报净利润2658万，增长8.88%，很不错了,04-28 09:14
1332,23%左右的收益1单阳突破添加自选（可跟进的信号）2股价缩量会抽寻找机会（,04-02 08:04
1237,岭南控股四月走势预测,04-13 01:42
163,这个业绩不如预期，明天要跟跌了,04-29 10:18
963,岭南控股一季度归母净利润同比增10.2%，经营现金流降472.2%,04-29 11:11
141,今年一年的行情还得是科技。贸易战打的就是科技。科技是生产力，消费不是生产力。消费,04-29 08:29
95,现在股市专场看业绩还有啥用？要看运气！,04-29 07:59
164,买错了，我以为这个是岭南股份,04-29 05:29
204,今日行情算不算止跌，各位老师来发表一下高见！,04-29 08:24
197,资金高低切换，都去人工智能机器人等科技板块了，消费旅游要调整一段时间了。,04-29 06:14
89,从高点跌了40%，目前企稳了吗老铁？,04-29 08:10
93,人气低，没量化，明天低开涨停,04-29 06:56
98,我还以为你被ST了？,04-29 06:32
141,节前能取现的最后一天，要卖的都卖了，业绩也稳定，明天也该上个小步伐了再洗也基本洗,04-29 03:03
107,明天最后一天上车！我今天进了一点，明天加仓进！,04-29 05:32
48,有钱有闲的退休老年人，旅游是刚需，现在又无娃可带。银发经济发力点应当在文旅。,04-29 04:41
107,终于红了,04-29 02:20
65,看好五一旅游,04-28 11:10
144,五一旅游又是一样的配方，兄弟们成本多少，今年能解套吗,04-29 03:07
105,看样子今天就是最低的位置。,04-29 02:33
503,岭南控股:2025年一季度报告,04-28 08:57
92,好可怜没有量量化在哪里搞搞搞、,04-29 02:34
77,弱股毕竟还是弱股，别幻想了,04-29 02:24
87,这货是不是没主力了17元5元一路向下一个反弹没有,04-29 02:23
76,别的都涨停你也加油，看好你,04-29 02:20
94,开盘就清仓删股，祝留下的发财,04-29 08:39
435,听说被ST了，是真的吗？,04-29 08:59
184,主力一直在下面吃货，这是要干啥子，持币过节，节后都要吃大肉,04-29 11:32
86,免税跌你紧跟着，免税起飞了，你又装死。靠！,04-29 02:14
71,冲上去，加油,04-29 02:02
1433,岭南控股(000524.SZ)：2025年一季报净利润为2658.29万元、同比较去年同期上涨8.88%,04-29 09:03
146,典型A杀，什么利好也白费，在量化面前啥也不是,04-29 01:27
79,这破公司烂透了！,04-29 01:46
78,该你涨起来,04-29 01:44
242,旅游股，国家政策好，会好起来的，有退税概念吗,04-28 09:32
129,谁是跟徐磊来的，被骗了呦,04-28 08:45
131,明天不会大涨的，放心好了,04-28 10:58
461,不要跌了，亏麻了,04-15 04:53
315,在低位的时候这季报算利好吧，前面买的几只高位股业绩良好就出货……,04-28 10:46
161,15元抄底的朋友们还在吗？,04-28 09:33
258,12.61抄底的傻蛋路过,04-28 10:57
371,季报肯定是增长的，现在是19点20分发贴，等待验证,04-28 07:20
115,评论区这么热闹，说明散户不少。明天……,04-28 10:23
297,明天会低开吧,04-28 09:39
91,起飞,04-28 10:02
442,财报这么差，跑,04-28 08:59
104,我想在旅游股中这业绩最起码应该是符合市场预期,04-28 09:24
123,之前那一波在此股上赚了十几个点，知道今天出季报，来关心一下，如果市场认可这业绩和,04-28 09:22
100,比今天预期的好，起码都是红，股东也是增持。,04-28 09:18
141,一季报推迟延误？,04-28 08:21
92,进了icu了？还是难产去了？,04-28 08:34
144,$岭南控股(SZ000524)$,04-28 08:03
93,这跌势，不到一个月跌成负数了,04-28 08:18
179,今天满仓干了个寂寞，希望明天能涨停,04-28 06:19
103,这走势，有没有可能第三大股东广州产投在做转融券？,04-28 07:49
114,买此股的人都是菜鸟,04-28 06:18
325,还不发公告,04-28 06:01
113,//@股友73V82887A9:明天跳空低开，然后反弹，最后全天弱势震荡整理，收,04-28 07:46
369,求爹爹拜奶奶，明天不要跳空向下吧......,04-28 06:10
127,业绩今天能出来吗,04-28 06:23
113,这股下午还不让评论，有啥大雷？无语死了，开盘直线跌下去，一季报大亏？,04-28 07:19
100,不要等了，公司可能出现不可预知的事情，季报可能推迟,04-28 07:07
523,之前被血腥的连续四天高开低走洗盘给洗走了，倒在了涨停前，现在价位只比当时卖的高一,04-27 01:59
873,岭南明天一定高开，不过需要看强度，如果旅游和免税够强势应该有冲板，如果竞价就不如,04-27 09:16
2173,广交会期间市内多家酒店满房 酒店预订量同比增长75% 广州酒店业以“广式服务”招待八方来客,04-26 12:12
317,后悔没打满仓位，周三吃20个点满意离场！,04-27 03:21
228,坐等资金进场,04-25 01:52
981,尾盘只要收在12.60以上就可以买入，这是底部超跌反弹最强烈的信号！阳线站上前一,04-25 02:50
411,明天估计高开4个点，10分钟内封板，动作一定要快，不然买不到了,04-27 06:49
202,明天吃肉,04-27 08:51
182,兄弟们，五一劳动节快到了，兑现离场，9月上旬再看看。,04-27 02:11
174,被套的散户又开始幻想了？,04-27 05:34
210,明天一定低开的,04-27 10:00
207,有退税概念吗,04-27 10:19
223,周五进了半仓周六周日这么多利好明天开始可以吃大肉不,04-27 07:26
178,明天请直接涨停，谢谢,04-27 09:39
55,银发经济少子化活在当下旅游对有钱有闲老年人真的是刚需,04-27 08:57
204,底部还要再盘整,04-27 08:14
183,16.76还能回本？,04-27 05:27
320,赚了一千多，幸亏跑得快,04-27 12:45
202,弟弟,04-27 07:44
13730,跨境旅游大会将至 入境游规模持续增长 这些相关股频登龙虎榜,04-23 08:47
173,周一高开开启套人节奏,04-27 07:21
180,你就是免税旅游的老大，周一直接涨停，后面五连板！,04-27 06:44
378,过了一个周末，这热度怎么一下起来了,04-27 06:10
148,满仓套四个点，能盈利不,04-27 06:26
484,下周不知道还有没有机会买入,04-26 02:11
150,上周12.56只买了一点,04-27 04:46
163,周五割肉半仓了，后悔了，老龙二波起飞了,04-27 03:53
243,明天能接住这一波离境退税利好的泼天富贵吗？周一各位一个字儿都别买，一致做多干他啊,04-27 01:56
183,这利好真的量身定制了,04-27 03:40
86,岭南控股本周融资净偿还2160.55万元，居旅游酒店板块第四,04-27 03:03
174,看时间点,04-27 02:31
483,12.81买的岭南控股,04-26 09:50
219,发错图片了，下周暴涨,04-27 12:12
381,下周暴涨,04-27 10:49
24485,广州产投：通过增持、定向增发等增持广州优质上市公司股票,04-09 01:34
274,震荡向下,04-26 05:43
270,一堆唱多的，坚决同意庄家继续洗盘子，，，,04-26 05:29
41,$岭南控股(SZ000524)$,04-26 01:23
261,今天好多割肉的，周一涨停了,04-25 07:03
344,这垃圾股16.24的本终于卖了，舒服,04-24 11:22
308,有人是在富德徐磊的那里买这只的吗，温馨提示，不要下载徐磊推荐的富德平台，什么港资,04-25 04:41
210,割了利欧进这个，协议票，近期是废了,04-25 08:47
434,看天府秒拉，就闭眼入了，希望下周旅游走一波,04-25 06:25
63,岭南控股:2024年度股东大会的法律意见书,04-25 10:36
82,岭南控股:2024年度股东大会决议公告,04-25 10:36
209,下周一发工资了追加200万资金大家放心,04-25 05:37
142,五一快到了，是否启动？,04-25 09:45
179,今日5个点起步,04-25 11:15
159,早上进来的,04-25 01:59
334,岭南控股:年度股东大会通知,03-28 09:13
168,今天全天主力一直在睡觉。,04-25 02:40
268,早盘三峡没买，买了岭南,04-25 01:40
172,今天五日线站不上就是弱！,04-25 02:29
161,五一快到了，怎么就那么弱呢,04-25 02:37
166,就是个小反弹，不要太贪心了。它目前还是下行趋势。,04-25 02:36
214,牛的岭南控股,04-25 01:59
142,大跳水？,04-25 02:02
151,华脉二选一选你垃圾，唉,04-25 01:30
135,为什么不能冲一下呢哥哥,04-25 01:59
95,继续增仓，期待29号的喜报。,04-25 09:49
375,从下跌量能看今明两天是建仓的时候了。,04-24 01:59
128,横住了,04-25 01:52
132,下午没波动的走了,04-25 01:19
133,怎么这么弱啊，操,04-25 01:09
132,没有换手率，主力拿不到筹码，估计收盘还是跌呀…,04-25 01:06
135,人气高，涨幅低,04-25 12:46
119,下午涨停，我说的,04-25 12:57
131,岒南控股又囬来了,04-25 12:04
121,每天都在这里又BB又喷，不怕脱水,04-25 12:34
125,这个股没什么好关注了已经非常弱势了,04-24 07:18
578,历史数据显示旅游酒店板块4月初至4月中旬上升趋势，到4-19至23左右就走下跌路,04-20 11:20
294,感觉明天有戏,04-24 03:44
217,明天该起来了吧,04-24 09:15
296,13.14的成本还能解套吗,04-24 05:03
133,在当下的情况，我觉得最好的应对策略就是不买不卖摊平，让主力自编自导自演，如果大家,04-24 05:45
423,利好来了，开始狂飙！旅游来一波，出境旅游是岭南的重要项目，兄弟们觉得呢,04-24 07:05
210,多少人是跟我一样等51节希望涨一波的，结果被套在山顶的。。本来我参照的是24年节,04-24 09:25
265,这个消息能帮助南南涨点吗,04-24 10:36
97,就这么弱天天跌,04-24 06:42
869,岭南控股：将于2025年04月25日召开2024年年度股东大会,04-24 04:01
151,$岭南控股(SZ000524)$,04-24 03:57
479,16块是不是只有我了,04-24 12:38
93,兄弟们啊，宴会已经结束，收拾锅碗瓢盆了。,04-24 09:13
88,五一不用消费咯，钱都给主力拿去花了。,04-24 11:33
379,就看了这个分时，严重缩量了量化也砸不动了，应该可以博弈一下超跌反弹，反弹太弱就早,04-24 05:25
235,为啥不拉旅游避险,04-24 10:49
145,在当下的情况，我觉得最好的应对策略就是不买不卖躺平，让主力自编自导自演，如果大家,04-24 05:46
174,小单拉大单卖…还想买的别进来了,04-24 02:09
127,大家管住手，不要买也不要卖，抄不到低的，被套的也不要卖，我看主力怎么跑,04-24 03:01
238,压死骆驼的最后一根稻草，这只票亏了2万，认输，退出股市,04-24 03:46
98,控股控股把个股价控得死死的，没有一天涨的,04-24 05:00
156,兄弟们觉得岭南和王府井哪个会更好，都有旅游和免税店,04-24 03:50
216,这票能放到五一后吗,04-24 02:19
94,去哪投票我要投反对票一起啊,04-24 02:56
89,买什么亏什么明天如果岭南股份不红我就清仓了等牛市来了再说,04-24 03:44
83,烂票一只，删自选,04-24 02:43
85,全是骂街的旅游股,04-24 03:39
415,靠这样的量能，是站不稳3300点。值得提出的是五一节日放假，有抽资金避险的需要，,04-22 03:26
661,糟糕，章盟主来了，明天准备接受-10个点的洗礼！专业割肉的盟主，明天开盘记得跑！,04-23 04:49
1016,旅游酒店股异动，岭南控股2连板,04-11 10:03
344,000524还有-7%左右空间，耐不住的跑吧。,04-23 07:41
361,这不会爆雷吧？,04-17 01:14
443,今天已经破位了，明天估计低开要向下走了，大家逢高减仓吧。,04-23 09:17
111,老庄出货真狠,04-23 08:57
185,估计又要回到布谷鸟说的那种状态，8以下无脑入手，9可上可下，10以上无脑卖！,04-23 11:09
319,请教一下，13.78入手的还有回本机会不？明天要不要割,04-23 09:06
87,这股怎么这么垃圾，买完就一直跌,04-23 09:47
233,我割肉跑了所以明天要跌停了,04-23 03:51
404,章盟主什么时候来的？,04-23 04:30
128,开板卖出，感谢主力，祝贺还在里面的兄弟们发大财。,04-14 02:38
100,最多调整到12.5,04-23 07:24
104,明天应该会低开企稳了，连拉2天，把股价支撑柱,04-23 07:13
99,昨天入的，的亏早上跑的快,04-23 05:52
156,参考消息网4月22日报道据俄罗斯《莫斯科共青团员报》网站4月21日报道，“俄罗斯,04-23 05:50
136,感觉这货跟张家界自从张家界ST后它就开始跌基本也没比张家界少跌多少,04-23 02:31
100,少点发帖和发弹幕吧，躺平吧，别让量化爬到信息,04-23 05:43
135,低空尾盘狠拉，这个不属于低空吗,04-23 03:13
112,现在又有托开始活动了，说章盟主来了，看来还得继续跌,04-23 05:34
100,今日尾盘低空经济发力，这货没跟上，明天会补涨吗,04-23 04:36
158,尾盘低空起来都带不起你幸亏昨天走了,04-23 03:02
371,只要我买入的股票，不赚10个点我是不会出去的，准备迎接主力的五一红包！2/3仓位,04-23 11:41
88,$岭南控股(SZ000524)$,04-23 02:07
126,炒股反人性，明天一直字涨停,04-23 02:48
89,这个就是垃圾股，啥也不是，真,04-23 02:59
82,废票一个,04-23 02:08
205,大家一起把岭南控股提出飞行汽车板块！,04-23 02:35
167,12.80明天有肉吃吗,04-23 02:10
181,13.00买，13.01卖，走了不玩了，涨起来吧,04-23 10:34
73,走a,04-23 02:40
73,不跟低空吗,04-23 02:33
295,提前埋伏了好多天了，准备吃肉了，明天再低开直接满仓,04-22 10:10
109,20日线建个仓,04-22 11:14
151,这货能不能行,04-22 09:37
448,听哥给你们科普一下，这几天虽然四根大阴线，但是两次在二十日线反弹，说明二十线支撑,04-22 10:39
254,1，洗盘五天2，25日大会3，五一节要到了4，此股是旅游消费前排票,04-22 11:54
217,动能二号由绿色变蓝色，蓝色已经变短，说明弱势逐渐好转，好转就是蓝色变红色！,04-22 10:35
277,转发,04-22 08:41
222,开盘进的，套了三个点，明天有的赚吗,04-22 03:02
298,岭南控股个人拙见不喜勿喷！！预测对了，给点个赞就行！短期支撑看13.02，不破可,04-22 08:44
263,下午卖了，明天择机买入,04-22 03:50
199,明天到底是继续双针探底还是摸五日线？我看摸五日线了吧,04-22 03:41
99,明天接过国芳的旗帜,04-22 08:33
203,吉林省：2025年发放6亿元消费券支持各地开展促销活动,04-22 04:08
114,远离lj股，随便买个麦趣尔都吃肉,04-22 07:17
129,天天在这里做t啊，今天是12.99买入，13.22卖出的,04-22 01:49
126,黑龙江：加快释放消费潜力深入实施提振消费专项行动,04-22 04:09
97,这票己经废了，死气沉沉没人跟的,04-22 01:03
114,你又拉起来干什么？不到11.9附近，你还拉，，，慢慢磨洋工啊耗散户啊？你好坏哦,04-22 03:12
109,13.6的成本，明天能让我出去吗？？我只想出去,04-22 03:13
135,明天期权交割日，小心点吧,04-22 02:17
106,看这样尾盘还得下来啊！,04-22 02:04
86,lj中的lj,04-22 03:04
94,辛好早上开盘就把它给嘎了，烂泥,04-22 02:48
86,大哥发威,04-22 02:51
229,还好我机智，割了转三峡,04-22 01:35
76,扶不起的阿斗,04-22 02:49
79,你不套人你会死的呀,04-22 02:49
80,怎么卖不了？,04-22 02:48
92,三峡旅游马上启动速速抄底发大财了十个涨停目标价十五块,04-21 10:15
131,我亏三十点,04-21 09:19
19747,离境退税“即买即退”服务措施推广至全国 政策利好！免税、旅游概念大涨,04-11 12:55
89,五一节旅游旺季快到了，旅行社都忙着签合同，今年旅游别踩死人啊！,04-21 09:58
135,8888有什么寓意，有知道的嘛？,04-21 07:31
95,明早不贪，赚三个点就卖,04-21 07:49
230,明天不贪，涨停就跑,04-21 07:58
65,想13上车,04-21 07:44
377,卖了屯子补仓你，盘后送来公告，4月28号就分红。明天你不给个涨停对不起我。,04-21 04:29
271,明天回调，上方压`力太大,04-21 03:19
82,自贸概念叠加，会不会来一波？,04-21 07:18
509,明天必破12.7，看到10-11块之间,04-20 10:21
108,广东自贸区,04-21 06:15
93,包来包去，大肠包小肠！这周周线反包！月线无论怎么演绎，也不改大阳线！,04-21 06:25
98,今天唯一不足就是缩量了，没有盖过两根阴线！但岭南一般会连涨三天！本周必走主升,04-21 05:18
109,赚钱就跑,04-21 02:30
122,今天普涨明天又分化轮到旅游了低成交量行情干调整股,04-21 03:23
94,不要着急，一定二波创新高,04-21 04:20
120,在商贸文旅领域，允许外商投资旅行社经营出境旅游业务；在天津支持试点传统经典车保税,04-21 04:20
215,尾盘成交8888手，明天发发发发,04-21 03:01
94,旅游的龙头应该是岭南吧，明天带领旅游板块修复,04-21 03:07
102,五一5天小长假前旅游酒店应该还有拉涨机会吧？还是说早早出货呢？,04-21 02:27
87,5.1酒店都爆满呀,04-21 02:11
61,刚好回本，纠结要不要出掉,04-21 02:13
63,20元以下股票几天跌5元依然有气没力没量能,04-21 01:47
58,没用的浪费好行情我卖了你涨停吧,04-21 01:46
65,怎么就不跌了？,04-21 01:46
368,完犊子了，刚才13.66追高进来了,04-21 10:33
72,上呀！还有一个星期准备出去浪了，前提是你的提前给我准备粮草啊！没点动劲怎么叫我怎,04-21 01:34
84,上午的拉升是广州出了一个入境旅游的消息，我直接追高了你雄起来啊,04-21 01:32
63,妹的，其他全红，就这个还在织布，哎，无语了,04-21 01:27
57,快跑,04-21 01:24
257,千万记住！别听谁说啥，因为那些都扯淡！就记住一句话：二十线12.70，破了就废了,04-20 09:58
16952,【明日主题前瞻】字节Seed智能体模型UI-TARS-1.5开源，机构称算力基础设施将持续受益,04-20 08:18
541,四海恐慌五洲怒黄金避险飞九天！又双叒叕周末了唯有抄底金矿股鹏欣资源华钰矿业等,04-11 11:59
222,明天负几开,04-20 08:17
248,再次提醒大家，明天务必平开高开低开不到一个点都要跑，还要继续下探，11块左右才能,04-20 09:04
237,你们唱空吧，我重仓的这个，你们发利好，我慌,04-20 07:06
165,岭南控股本周融资净买入1450.29万元，居旅游酒店板块第八,04-20 03:03
161,明天二十线不能破，破了就,04-20 10:02
165,四连阴，千万记住，明天破了二十线12.7，就彻底废了！,04-20 10:02
157,明天最后一道屏障，二十线12.70，破了二十线，请大家别议论了，因为议论也是扯淡,04-20 09:56
156,目前庄家洗盘在二十线，如果明天破了二十线12.70，那么大家就别议论了，因为谁的,04-20 09:55
150,目前缩量，在二十线上，明天如果破了二十线12.70，这股就不要在议论了！因为谁的,04-20 09:54
168,明天破了二十线，就彻底结束,04-20 09:53
146,跌停,04-20 09:53
152,星期一在跌你就废了,04-20 06:00
455,尾盘买进1.2万，星期一能高开吗？,04-18 04:49
621,下周主线是旅游和消费，我不信主力就这样一直出货压低股价。预计下周一企稳上涨2个点,04-19 10:46
188,周一势必又套住一批心心念念想抄底的散户，结果越抄底发现还在半山腰,04-20 12:29
167,还有10天到五一,04-20 09:31
196,周五就应该涨,04-20 06:57
238,周一绿,04-19 11:30
284,利好,04-19 11:09
401,13.11全仓买入了，下班,04-18 11:06
299,再多的利好也抵挡不住下跌趋势，越想抄底炒到只能是半山腰，目前没有止跌迹象，不信你,04-19 10:09
127,走势不对，减半仓,04-16 10:32
234,就喜欢看吧里汪汪叫的想骗带血的筹码没门,04-19 08:15
318,最怕是这种阴跌，根本没低，不如通通快快跌停还能有修复预期，这个根本不用幻想，还没,04-18 05:31
256,相信我，周一平开或者高开马上跑，低开一点点都不要犹豫立马跑，还没跌到位，可能会在,04-19 07:51
309,想回到16元，要等三年了,04-19 10:47
213,下星期还要一直跌，还不跑？,04-18 07:41
307,是利好吗？,04-19 09:30
260,顶分型，差不多了,04-19 08:32
211,等跌到九元我会考虑一下,04-19 12:59
190,已经卖了你可以涨了,04-19 12:56
190,怎么反抽都没有，双头都做不出来？,04-19 12:28
238,广东自贸区龙头下周会涨吗,04-19 11:00
235,哎，太6了，周二尾盘五日线博弈，周三破了就该走了，硬是熬到今天尾盘割肉了，这两天,04-18 03:29
190,到底什么才是真的，什么才是真的,04-19 10:13
212,是利好吗？,04-19 09:29
201,这种A杀的票反弹也有限，目前还没看到低，11块左右可能有反弹，但是还是向下趋势,04-19 08:28
198,这垃圾周一清仓,04-19 07:57
1424,旅游及酒店板块走低，大连圣亚、岭南控股跌停,04-09 10:10
314,这种没人性的票，就算涨了，也不要，专门收割情怀的票，特殊时期，还故意跳水,04-19 01:21
297,唉，一直阴跌，看这走势要回到11块，准备清仓了。,04-18 10:09
294,一个个别做梦了，周一赶紧清仓吧，破位破到家了,04-19 12:36
301,周一继续下杀，清仓吧！都被套了！暂时上不去了,04-19 12:35
459,看以往的走势都是往下走，这股到顶短期就没往上走的你回看一下，很恐怖的，拿着拿着可,04-18 10:02
533,逻辑：跨境电商大热，则离境退税弱化。事实上，转口贸易被堵了（需追踪原产地），80,04-18 10:57
277,诛心，杀融资，杀配资，杀量化，12以下启动二融。,04-18 05:24
487,1.低空经济（与亿航智能合作）2，粤港自贸区3.五一旅游将至天时地利只差人和了,04-18 05:31
11709,A股新变化！分红超1万亿元！龙头企业引领分红浪潮,04-01 08:39
325,这股每次拉起都是a杀的，不留意的赌徒很容易被骗，a杀之后再起的几率极微，自己看过,04-18 04:25
196,广交会客商都不住东方宾馆中国大酒店吗？,04-18 05:58
194,割了吧兄弟们,04-18 01:19
243,1.低空经济（与亿航智能合作）2，粤港自贸区3.五一旅游将至天时地利只差人和了,04-18 05:31
259,1.低空经济（与亿航智能合作）2，粤港自贸区3.五一旅游将至天时地利只差人和了,04-18 05:30
257,1.低空经济（与亿航智能合作）2，粤港自贸区3.五一旅游将至天时地利只差人和了,04-18 05:30
213,1.低空经济（与亿航智能合作）2，粤港自贸区3.五一旅游将至天时地利只差人和了,04-18 05:29
190,兄弟们，行情结末了。,04-18 05:29
266,1.低空经济（与亿航智能合作）2，粤港自贸区3.五一旅游将至天时地利只差人和了下,04-18 05:26
235,1.低空经济（与亿航智能合作）2，粤港自贸区3.五一旅游将至天时地利只差人和了下,04-18 05:25
211,1.低空经济（与亿航智能合作）2，粤港自贸区3.五一旅游将至天时地利只差人和了下,04-18 05:25
200,1.低空经济（与亿航智能合作）2，粤港自贸区3.五一旅游将至天时地利只差人和了下,04-18 05:25
228,1.低空经济（与亿航智能合作）2，粤港自贸区3.五一旅游将至天时地利只差人和了下,04-18 05:24
159,1.低空经济2，粤港自贸区3.五一将至天时地利只差人和了能不能当一次总龙头,04-18 05:23
226,那么多利好的新闻，还出了低空经济利好新闻，要是利好主力提早就知道了，股价说明一切,04-18 05:21
291,这个股A刹也太没理由了吧？根本就没涨多少，而且前面两个涨停拉的那么丝滑，问题是没,04-18 04:31
198,下周一要割肉不？,04-18 03:25
58,$岭南控股(SZ000524)$,04-18 03:41
181,下周还要跌，11左右才能止跌企稳，注意风险，五一过后才能迎来新一轮的止跌企稳反弹,04-18 03:40
261,岭南控股：应该会有二浪。该股有主力潜伏，成本低。前几天是出货或者是阶段性套利，不,04-18 03:39
345,回踩五日不破，五日线附近可吸,04-15 12:08
225,商务部：将加快出台优化离境退税等政策措施,04-17 09:11
178,五一黄金周，旅游业要大涨，这是天时,04-17 09:03
325,明日一根大阳线，不服的明天来辩,04-17 09:17
430,打了个底仓不知对错,04-17 04:47
201,走成这样，唯一的解释就是跟的免税概念，免税连跌几天了,04-17 11:02
182,为什么这么个跌法？这几天大盘这么稳,04-17 10:49
152,明天大涨，要么就是大跌,04-17 08:09
361,此票为什么跌这样？两个原因：1，有违规暴雷2，为了下轮主升做准备！,04-17 09:24
384,今天买进基本上没亏没赚，上午十一点与下午开盘有资金博弈的迹象，不像是拉高出货，但,04-17 08:12
114,明天要跌停吗？,04-17 09:10
113,小散户赶紧跑,04-17 09:36
100,主力跑了，明天是游资跑路,04-17 09:15
172,2025年4月16日，中共中央政治局委员、外交部长王毅和马来西亚内政部长赛夫丁分,04-17 09:14
92,全是散户在里面,04-17 09:10
97,破了10日线,04-17 09:09
93,还有两天下杀,04-17 08:56
97,周线的五日线看支撑,04-17 08:51
98,下轮又要到国庆节了，5个月的阴跌不归路，实在难熬啊。,04-17 08:38
115,周末绝对大利空,04-17 08:01
126,胜败乃兵家常事，全世界韭菜团结起来逆袭！妖股抓手每日关注！买在无人问津时，卖在人,04-17 08:26
251,航旅纵横最新大数据显示，截至4月17日，五一假期国内航线机票预订量超333万张，,04-17 05:44
192,成本15块有机会回本吗,04-17 07:16
159,这货不会有雷吧。旅游酒店这两天涨这么好,04-17 06:53
425,岭南控股明天个人感觉会收阳，两个理由。第一点、博周一会议预期“加快推进服务业扩大,04-17 06:39
104,老庄清仓跑路了吗？这么跌,04-17 07:12
109,这票，财务有问题。,04-17 07:10
108,跌停板，再说,04-17 03:56
181,我走了，留下的发财,04-17 03:16
252,谁在顶买了？,04-07 09:20
968,26%左右的收益1单阳突破添加自选（可跟进的信号）2股价缩量会抽寻找机会（,04-02 08:30
344,亏了四个点走了，感觉撑不住,04-15 10:37
157,后续是A杀,04-16 05:46
141,智慧,04-14 07:24
253,这货是跟什么的，,04-16 11:10
333,预计明天14.5左右开盘。不过不看好这个票。真强就不是这种走势了,04-16 09:35
169,旅游全涨了，这货变异？！！！,04-16 10:07
117,先到12在说了,04-16 09:49
338,这票实际只有不到30亿买卖今天成交就算是33%换手率,04-16 08:18
130,岭南是什么概念,04-16 06:58
443,明天最好的结果或许就是一个上影线的反弹。还的看量能。目前这两天的量能在缩了。还是,04-16 06:59
6519,研报点睛：板块拉升！市场景气度仍高,04-16 06:09
241,$岭南控股(SZ000524)$,04-16 05:33
149,你可是龙头啊,04-16 06:53
314,14号那天炸板太伤士气了要不然比红宝丽要牛逼,04-16 04:31
112,下周一应该可以接了,04-16 07:51
302,明天至少还是一条中阴线，低开低走收盘大跌-7%,04-16 05:29
100,……,04-16 06:41
127,明天继续下杀,04-16 04:25
444,唯一一个尾盘板块涨却砸盘的，只有一个原因，就是恐慌盘出逃。但是又没有放量。所以明,04-16 04:30
140,消费旅游利好不断，这股回调就是加仓时机,04-16 08:28
395,明天低开回踩10日线涨停，后台冲高回落，龙虎榜会看到章盟主，来回收韭菜之王,04-16 05:56
158,明天继续下杀五个点，杀到周五，也就是十个点，周一洗盘结束！,04-16 05:17
261,明天怎么办跑不掉了,04-16 04:16
108,绿两天差不多了哈，明天该发力了。,04-16 05:39
155,广交会和你一点关系没有吗？,04-16 04:54
434,明天如果低开2个点，请无脑加仓猛干,04-16 04:41
99,明天能梭哈吗,04-16 05:14
358,然后又发利好早上才把你割肉了。去了远达，俩头挨打今天，真恶心,04-16 04:07
218,电力板块和旅游板块的两只倒数第一我持有,04-16 03:00
148,旅游消费,04-16 04:40
135,前两天不炸板不就是旅游龙头了硬要尾盘偷鸡，现在好了旅游没戏了，这货彻底被玩废了，,04-16 04:29
309,被动炸板,04-14 09:28
578,明天涨停也不到20%，真是完全控盘了,04-15 06:51
69,等先到11.56再说,05-22 14:32
75,今天最低点收盘，明天绝对还有低点，买一手看后续择机加仓,05-22 14:32
263,很犹豫 12.2到底接不接 拿不定主意,05-22 14:31
73,这票不错两天跌回去，敢想敢跌，还有拖,05-22 14:30
77,今天又是最低，妈的,05-22 14:24
78,这个票主力就是孙子，没买过的永远拉黑这个票，9连板的都不是这样的玩法,05-22 14:14
74,深蹲下，弹起来更猛！,05-22 14:12
160,这孙子洗的真狠哪,05-22 14:11
69,钝刀割肉确实狠,05-22 14:10
116,你们自己品......,05-22 14:10
68,要不咱就整个跌停哈哈,05-22 14:08
224,端午就要到了，旅游酒店肯定要涨，要提前买入，现在是最后的洗盘,05-22 14:08
69,多大的累这么跌，板块倒数第一。,05-22 14:08
86,以后不买旅游股了，十拿九输,05-22 14:07
79,根本就没有底，还想天天抄底。留下的发财，天天抄底,05-22 14:04
73,这个票一路下跌开启,05-22 14:02
73,墨迹什么？快跌，砸盘，跌了也不买,05-22 14:01
72,快跑吧！地位拉高出货，后面肯定有新低,05-22 13:59
92,怎么搞着搞着又板块倒数第一啦,05-22 13:58
72,没资格这样,05-22 13:56
100,针对暑假，新一轮国补将重点补贴文旅消费,05-22 13:51
71,这是啥市场。。。只跌不涨，钱投进来全被收割,05-22 13:46
130,为啥单边下跌。。毫无反弹,05-22 13:42
207,接回,05-22 13:39
87,就赚一点小钱，原本高位跑了的,05-22 13:35
69,等你跌停,05-22 13:34
140,真牛，买了三天，跌了十个多点了，算了也不T了，等你跌够20我补仓,05-22 13:31
70,快跑，快跑，快跑。趋势破了。别接盘,05-22 13:29
85,趋势走坏了，还有很多人看多，没有进来的，等等看，进来被套的，自求多福,05-22 13:28
73,这个盘要洗好久,05-22 13:26
72,股民还算M吗,05-22 13:22
69,快跑，不要被深埋,05-22 13:21
69,幸好早上跑了，跌这么惨呀,05-22 13:16
416,光脚大阴线，快跑,05-22 13:10
127,这个票被量化了，玩不起，跑了,05-22 12:56
87,明天还的跌今天-7个点可能,05-22 12:51
84,明天大板,05-22 12:51
88,兄弟们，诱多成功，又套死一批。,05-22 12:42
114,在岭南赚点钱不容易，，前天没卖的又要开始熬了,05-22 12:36
175,观察了一天想着尾盘买点博个明天反弹，没想到还能杀,05-22 12:35
142,旅游板块第一，666,05-22 12:28
188,被套了,05-22 12:21
79,$岭南控股(SZ000524)$,05-22 12:08
73,12还是高了，11.6附近买才企稳,05-22 11:57
75,昨天就说了缩量下跌还会铁！先跑吧！,05-22 11:31
86,难道今天要跌停？,05-22 11:29
211,基本判断可以干到12.6左右,05-22 11:28
73,千万不要再A股格局，格局就是被杀的命,05-22 11:24
40,今天早盘清仓，无疑是正确的，虽然赚的少了点，起码不赔。从上午收盘情况看，短期内下,05-22 11:24
75,大盘红了又一动不动啦,05-22 11:24
71,还好昨天跑得快,05-22 11:23
74,9点30之前的集合竞价是假的吗？,05-22 11:22
72,洗盘是要震荡的，这个两天只有出货没有进货怎么洗盘,05-22 11:20
81,回调就是弱，果断放弃关注了，去电力。,05-22 11:20
73,都是阴跌呀,05-22 11:19
70,快跑,05-22 11:18
135,谁卖谁傻,05-22 11:17
73,来个跌停，我就接,05-22 11:17
78,我还能杠，加油，归来仍是少年,05-22 11:16
68,你个老六,05-22 11:15
69,每天都这样,05-22 11:14
69,放弃幻想，割肉离场,05-22 11:14
4117,周一午间复盘,05-22 11:08
74,最后善意的提醒，能跑多快跑多快吧,05-22 11:05
70,利润回吐，离场。稳企再回,05-22 11:05
68,这是不是有点过分了啊,05-22 11:04
69,今天等会要到12。明天继续,05-22 11:03
71,就问你牛不牛～,05-22 11:03
113,12.35必破,05-22 11:02
78,你是暴雷了要跌退市吗？,05-22 11:00
73,大家放心买，我买100股给你们托底,05-22 11:00
71,哈哈早走不就完事了嘛！还想它有什么花露水,05-22 10:59
72,趋势坏了,05-22 10:57
429,2025年6月广州国资重组会议前瞻与关键信息整合（截至2025年5月22日官方披,05-22 10:56
75,不会真的干7个点下来吧，我昨天乱说的,05-22 10:55
128,每天都是高开低走整这死出,05-22 10:55
94,两天亏4万多割肉走了，真是晦气,05-22 10:48
82,今天又是-6,05-22 10:46
74,老乡们，不要慌，不要走，要讲格局，有大局观，让领导先走,05-22 10:45
86,要走吗,05-22 10:42
93,走了走了,05-08 14:56
111,赶紧撤吧，明天估计又危险了,05-08 14:55
90,大幅震荡3毛钱，晃了一天，，还收个绿。。,05-08 14:54
85,流氓公司！,05-08 14:54
88,股性最差的品种之一,05-08 14:50
80,又是一分玩一天,05-08 14:42
82,"是“撤”还是“起""神仙打架",05-08 14:30
79,垃圾垃圾,05-08 14:21
77,早跑曲江了，恨铁不成钢,05-08 14:16
83,三天没涨一毛,05-08 14:13
91,给我整笑了，一直横盘，一分钱玩一天,05-08 14:12
93,大盘回落，板块回落，要跌了,05-08 13:52
78,一毛钱玩一天,05-08 13:44
80,8月底再来，一路南下，势如破竹。,05-08 13:09
77,一分钱玩了快睡觉了,05-08 13:03
129,明天是见证历史的时刻，所有旅游股都大涨。,05-08 12:00
202,到底爆了多大的雷，广东印发支持旅游消费都起不来,05-08 11:31
87,这票死了节前大跌节后小跌,05-08 11:29
95,早上12.11开盘就跑了，没敢回来，早上大盘板块都绿油油，突然涨了，措手不及,05-08 11:18
94,兄弟们，继续在这里躲牛市啊,05-08 11:05
87,还是照旧，拉升无量，下跌放量,05-08 11:04
87,不错，在这位置装丝压盘。。静静看你装,05-08 10:59
82,阿斗,05-08 10:55
95,在这里躲牛市,05-08 10:46
86,还亏我372块钱，原本亏到二千五，不容易啊,05-08 10:29
90,跌太多没表现，没个涨停再也骗不了人。,05-08 10:12
83,每天爆涨1分，真的倦了,05-08 09:47
97,没意思，高开跑的机会都没有，瞬间就砸下去了,05-08 09:46
80,不跟你玩了,05-08 09:42
81,走了走了,05-08 09:41
80,垃圾呀,05-08 09:38
89,岭南控股：融资净偿还342.28万元，融资余额1.3亿元（05-07）,05-08 08:53
211,来来来，半夜发个帖，明天是涨还是跌。。。。。,05-08 01:45
1.9万,金叔探市，全天建仓记录 不喜勿喷,05-08 00:20
254,$白云机场(SH600004)$$广州酒家(SH603043)$$岭南控股(SZ,05-07 22:57
477,2025年5月7日广东省提振消费专项行动,05-07 20:33
184,15块买的有一起的吗,05-07 16:49
125,13.08的本，来个涨停吧,05-07 16:43
173,实在是不容易啊，12.5的本硬生生给我T到了11.7，以后都不敢买旅游股了，浪费,05-07 16:31
112,快跑,05-07 16:16
112,希望这只股票给点力，赶紧涨上一波,05-07 16:03
156,五一小长假旅游挺火爆的，这两天普涨，板块还是不给力。明天，星期四热门板块该回调了,05-07 15:53
109,没个涨停不关注，跌太多，反弹无量为诱多。,05-07 14:58
103,明天涨停了,05-07 14:58
94,12,05-07 14:54
94,掐指一算，收盘怒涨1分钱,05-07 14:48
126,今天进来了，陪兄弟们,05-07 14:45
249,岭南控股12.83买的，什么时候能涨起来？,05-07 14:44
111,草率了这票，没想到弱成这样，今日11.95被套。,05-07 14:41
112,竟然还有人在这里喷，发了几次说这股每次拉起都a杀，真的不信邪，每年4月份都是高位,05-07 14:40
121,是不是也要st了，没有半点反弹,05-07 14:25
143,别进了散户们，什么工具都是虚的，上面3000万的压单，日常冲高回落或者开盘就砸，,05-07 14:23
183,真是无语它大爷，你敢涨5个点我就敢卖。。。,05-07 14:21
81,这票走得很安详,05-07 14:16
80,难道我买了假的？,05-07 14:16
84,啦，这是退市了吗？,05-07 14:14
96,兄弟们，明天集中看电视剧《悬崖》。,05-07 13:35
95,今年就这样了，垃圾不敢拉,05-07 13:29
166,16块买的有吗,05-07 13:13
52,今天降息，下午涨停？,05-07 13:03
97,就算再跌，今天也跌不到11.8。感觉在企稳上涨，就是涨的有点少,05-07 12:47
285,这个可以申述索赔吗？,05-07 12:45
89,又是老套路,05-07 12:42
120,除了几个托在嚷嚷，没人关注了。很好理解，一个旅游股，五一前后都废了，还有什么可看,05-07 12:07
98,今天补涨的行情，还能绿也是无语了,05-07 11:27
90,今天又诱多冲高回落,05-07 10:49
84,1日游怎可能有人信你？退市吧板块最差走势,05-07 10:31
91,马上又要绿了,05-07 10:30
87,《悬崖》正式开播了。,05-07 10:30
223,股东们，明天可以在这里躲牛市了,05-07 10:27
74,[看空],05-07 10:19
95,买了就跌，卖了就涨，亏死得了！,05-07 10:10
84,兄弟们可以进去了赚几个点又可以卖出了,05-07 09:48
85,真孙子啊。。。又骗人，加仓在了最高点,05-07 09:40
69,岭南控股：融资净买入74.43万元，融资余额1.33亿元（05-06）,05-07 08:57
214,选错票的代价不仅仅是亏损,05-07 08:40
245,兄弟们，8月底，9元附近可入。,05-07 08:17
190,这次真踏马的发配岭南了,05-06 22:32
294,据广东发布消息，2025年“五一”假期五天（5月1日—5日），广东接待游客460,05-06 21:11
169,和欧洲取消限制了，还不涨？,05-06 16:24
122,这几天买入的今天都吃肉了,05-19 19:44
8520,中免集团联合多家上市公司共同新设公司 开拓广州市内免税业务,05-19 17:37
378,这货会不会和岭南股份一样有危险？今天进了1万股，心里有点慌，两家是不是有关联，都,05-19 17:26
219,今天进场明天吃肉，大家祝福我吧。,05-19 17:08
133,现在免税店概念都这么不值钱了么？平开无体现,05-19 16:26
194,做T真爽，留150手卖出40手，6月看到18！,05-19 16:22
123,明天可以来个涨停吗,05-19 15:49
85,利好消息，平开下杀，闷杀,05-19 15:37
213,岭南控股有涨停板基因的！,05-19 15:36
84,垃圾，废股！,05-19 15:10
101,垃圾股，玩完。,05-19 14:56
114,上涨趋势,05-19 14:55
203,主力一直流出，不知道小散都在幻想什么,05-19 14:55
110,今天收盘价应该在12.60左右吧,05-19 14:48
208,那是怎么重组呢？两家合并一家？相互持股？没看出来有什么重组的必要,05-19 14:48
555,天士力，洪通燃气岭南控股，与其在弱势股中挣扎解套，不如在强势股里乘风破浪，以上所,05-19 14:46
133,走了保本，这股散户太多了,05-19 14:36
106,这个票废了、一路下跌开启、什么时候都是赚的,05-19 14:32
302,小群进来了？,05-19 14:31
156,新冠来了，旅游个鸡毛啊,05-19 14:24
395,9点15，竞价涨停，9点25，竞价平盘，9点30，砸盘,05-19 14:08
236,没大资金，12.7都难站稳,05-19 14:07
136,这个股票有涨停板基因！！！,05-19 14:07
175,今天诱多。,05-19 14:07
71,赶紧回调，涨多了跌，跌太多涨,05-19 14:02
91,明天还能出来么,05-19 13:55
89,跑,05-19 13:43
127,乐，第一次看到个位数净流入,05-19 13:38
79,垃圾被套了还以为会有一波行情的,05-19 13:36
103,太气人了啊，拿了几十天，倒在黎明票,05-19 13:27
83,先出来，看筹码还得往下2个点左右洗,05-19 13:22
86,炒这个的都是小散明天通通埋,05-19 13:21
180,拿了十天成本11.83今天12.83跑了太磨人了终于把庄家拿捏了,05-19 13:17
85,能买到的全是坑,05-19 12:59
100,刚开始炒股，啥也不懂！吧里有些人一直在唱衰！我早早的割了。还是得学习，要学会自我,05-19 12:54
85,起飞,05-19 12:52
773,盘中选择低吸介入值得期待。,05-19 12:43
102,要坚持自己判断，不要被吧里一些人带偏！一些人一直在唱衰！,05-19 12:43
116,筑底完成，开始走右侧,05-19 11:53
100,三个板,05-19 11:50
199,与板块走势几乎完全重叠，板块再启动时，他应该还是领头羊。,05-19 11:32
86,拿了快一个月，12.9才回本啊,05-19 11:29
88,真的有涨停板基因,05-19 11:25
196,知道为什么涨了吧朋友们给点个赞不过分吧,05-19 10:59
97,这样的利好也给上车的机会，只能说这股是真的没有主力资金，现在就是1块鸡肋，近一成,05-19 10:57
95,基本没戏了,05-19 10:51
77,起飞，涨停,05-19 10:42
86,目前看有了突破的味道，反弹可期。暂时看反弹，不是反转。,05-19 10:39
83,12.8接的，给点力啊,05-19 10:35
988,5月16日个人操作总结，记录专用，持仓情况：岭南控股，今天有异动，继续等待，今日,05-19 10:34
130,我冒着账户大额亏损的风险，被套20多天，盈利大赚一千块，太TM酸爽了,05-19 10:31
90,重组大概念,05-19 10:29
76,加油阿，大连要涨停了,05-19 10:28
78,会连续大涨甚至涨停，加仓买入,05-19 10:25
80,我真的生气了,05-19 10:09
84,卖飞了糟心,05-19 10:08
75,快去广百抢筹兄弟们,05-19 10:08
75,1234蛮好,05-19 10:04
152,被套的弟兄可以考虑溜了。。。烂股一个,05-19 10:02
71,拉板,05-19 10:02
74,再不跑就埋人了，先走了,05-19 09:58
6749,中免集团联合多家上市公司共同新设公司,05-19 09:57
83,上班设定1236高地,05-19 09:55
76,笨，你还是干不过大连,05-19 09:54
203,我今早买入丰茂股份，双一科技和岭南控股,05-19 09:54
77,62高点进去，套住了,05-19 09:53
77,加油，别被大连超了,05-19 09:49
79,冲吧！相信你,05-19 09:47
87,几个股你最争气,05-19 09:45
82,只有大盘能抗住，岭南才能表现，不然就是两三个点,05-19 09:45
64,没量起不来,05-19 09:39
67,冲吧,05-19 09:38
58,能起飞吗,05-19 09:34
86,今天的逻辑是这样的，如果大盘好或者红，或者真正能拜托周末那场关税反复的控制，岭南,05-19 09:25
191,来来来，开贴，猜下，明天是涨还跌…………,05-19 09:24
4343,4月28日早文，龙头分析：岭南控股，中信海直，万丰奥威等,05-19 09:23
54,？,05-19 09:18
76,岭南控股：融资净买入428.61万元，融资余额1.3亿元（05-16）,05-19 08:55
120,2022年12月08日珠免集团公告进入免税店业务可是9个板，珠海也没法和广州比，,05-19 08:39
163,判了几年，又是重组，又是更换大股东。到最后免税牌照还没下来，和别人一起开免税店。,05-19 08:15
114,12的时候没有坚持买。去买凤凰航运亏了5万。气死,05-20 18:48
278,今天追高进的。明天怎么看？,05-20 17:52
273,你们都看好，我明天开盘就跑，太多人看好他了,05-20 17:11
120,昨天特别想买没买后悔,05-20 16:54
409,水池的水在不停的流出，水位没有降低会是什么情况？,05-20 16:04
268,明天怎么看？,05-20 15:36
230,高点没卖13.25卖掉了,05-20 15:28
176,不要整天想着拉涨停什么的，主力不是。需要慢慢筑底才能走得长远，才有可能破新高,05-20 15:26
113,神奇两点半！,05-20 15:25
100,明天怎么看？？？？,05-20 15:21
463,能不能改一下股票简称。太多人以为暴雷的岭南股份就是岭南控股。真的很无语。,05-20 15:10
134,准备好了吗要涨停了哟,05-20 14:42
105,一直说这股垃圾还会跌价的站出来,05-20 14:42
105,拉个涨停？,05-20 14:40
254,今天追高的，又要套一批人了，最起码半个月解套,05-20 14:40
81,最后半个小时，是否可以涨停………,05-20 14:25
110,岭南控股，继续吃肉，恭喜大家，,05-20 14:23
89,真稳！！！昨天想买的，一纠结买了还能达,05-20 14:23
1496,5月19日个人操作总结，记录专用，持仓情况：天士力，洪通燃气，今日出局：岭南控股,05-20 14:20
314,不求涨停，分批卖在高点，开心,05-20 14:07
2686,广州市内免税店要来了！注册地址公布,05-20 14:01
94,这个票今天应该来个板过来板明天就要砸下来了。,05-20 13:50
70,别这样我昨天就卖了,05-20 13:50
80,看来又有人卖飞了哦,05-20 13:49
83,反弹结束喽,05-20 13:29
82,要跑吗,05-20 13:28
81,万手哥不见了,05-20 13:21
76,废了这么多都封不住套死人了。,05-20 13:20
157,做多等回踩,05-20 13:09
199,拜拜，适当的位置再回来,05-20 13:00
110,今天上午卖出岭南，买入宜化,05-20 12:52
442,并购后12天拿批文，牛了。,05-20 12:16
182,我进来了 希望能挣点,05-20 12:01
123,就等我？,05-20 12:00
85,$岭南控股(SZ000524)$,05-20 11:53
130,今天应该是低空旅游,05-20 11:49
72,$岭南控股(SZ000524)$,05-20 11:48
112,开始数板板,05-20 11:40
90,调仓去了红宝丽，难绷,05-20 11:38
108,分歧转一致了，做多趋势形成,05-20 11:26
82,我爱岭南,05-20 11:24
78,不板也对不起我卖了信利泰买了你,05-20 11:12
164,终于解套了哭了,05-20 11:09
72,差点换手，妖王启动,05-20 11:02
85,不能涨停先高抛，下来我在接。,05-20 11:02
86,量化天天无聊吗,05-20 10:54
74,知道你要涨没来,05-20 10:50
78,晕了才赚3点多,05-20 10:46
74,一脚油门,05-20 10:44
76,刚刚卖了就拉,05-20 10:44
82,快跑要跳水了,05-20 10:43
74,要封板了哦,05-20 10:42
464,谢谢，谢谢，谢谢您们！谢岭南控股和宝馨科技清仓落袋了，安心等待机会！今天两个票同,05-20 10:41
1934,岭南控股重组预期的具体措施如下：-股权结构调整：广州市国资委推动相关企业联合重组,05-20 10:38
76,强者恒强，后悔买的你仓位少，买的众信多,05-20 10:26
125,拿了一二十天，11块9卖在了黎明前，过去还接个大套，真的手贱啊，知行不合一,05-20 10:06
73,今天全部卖出了，后面涨跌跟我没关系了,05-20 10:02
79,只要是龙头就不怕，旅游的行情也该到了,05-20 10:00
68,安全撤离，留下发财,05-20 09:53
66,超了三峡，今天当龙一,05-20 09:52
70,一群渣渣，都快跑吧，今天涨个10点,05-20 09:51
66,溜了溜了,05-20 09:43
65,第一目标已完成，暂时撤离,05-20 09:42
71,开盘大资金就开始跑路了,05-20 09:42
113,起起伏伏，进进出出,05-20 09:18
110,12.28建仓,05-20 09:07
73,岭南控股：融资净偿还853.99万元，融资余额1.21亿元（05-19）,05-20 08:53
69,520酒店地动山摇,05-20 08:30
76,端午经济爆发,05-20 08:08
937,周一重仓买入本僧释仁财，关注金必来阿弥陀佛，信众发财,05-20 07:20
753,我虽然是小散但是这三个月还没亏过钱呀希望我的南哥可以超越拓维信息给我带来两万的利,05-20 05:24
402,明天要是站上前期那个大阴线的最高点（13.18），可以继续持股，不然落袋为安吧！,05-19 23:51
2579,周一复盘总结,05-19 22:51
392,12.81买的明天能红吗,05-19 21:24
220,看到这么多唱多的，明天本想进的算了，抓紧跑吧,05-19 21:21
149,今天不涨停，什么原因？筹码没拿够，还是想再洗洗？,05-19 21:08
105,这个位置可上可下,05-19 20:54
214,这个位置放利好明显是要套人的节奏，明天99%的概率是要下跌的！,05-19 20:53
133,大家卖房子卖车干进去听我的没错,05-19 20:50
395,散户还真能跑，大部分是小单砸,05-19 20:28
43,#炒股日记#,05-23 13:53
95,大胆预测下午收盘价在12.12元上方。,05-23 13:46
90,大势已去，速走,05-23 12:25
162,跌了十几个点了，怎么办,05-23 12:10
158,兄弟们，8月底8元附近进场，又可以搞一波了。,05-23 11:42
170,一股不卖，打死不卖，现在已经跌成狗了，不可能再下跌了，只有上涨一条路,05-23 11:38
162,13.18的成本，能回来不？,05-23 11:35
148,你们都赚钱了吗？就卖,05-23 11:30
142,你还在等什么,05-23 11:19
136,买核聚变不香吗买它干啥啊,05-23 11:19
137,走了，量化交易下午跳水还得跌,05-23 11:16
133,昨儿卖完给主力了。,05-23 11:00
119,今天收红应该没有疑问吧,05-23 10:48
252,今天个股微红，按照以往经验，普涨行情个股微红就赶紧跑，岭南今天继续缩量调整。,05-23 10:36
99,主力们，可以拉板了，安全,05-23 10:24
101,高位票跌都不像你这么跌，这洋跌不知道的以为你前面好几个板,05-23 10:18
75,[看空],05-23 09:54
77,再跌狠点，我就买的，哈哈,05-23 09:53
72,第一次见一个票可以这么恶心，永生黑,05-23 09:52
174,明天能跑的，就跑吧，兄弟姐妹们,05-23 09:51
90,就反弹两天，至于这么跌吗,05-23 09:39
58,21号还好跑得快,05-23 09:35
87,岭南控股：连续3日融资净买入累计2156.55万元（05-22）,05-23 09:10
75,今天看跌的百分之十八，看来退潮情绪都来了，今天连高开想跑的机会都不给估计,05-23 09:05
255,无限子弹也不能这样跌啊,05-23 05:19
232,来，开盲盒咯。明天是涨还是跌………跌,05-23 04:19
878,我尾盘买入研奥股份，明天估计要开启大涨,05-23 01:14
598,晚点发公告，重组,05-23 00:00
264,11.7元开启二融，今年百分之80仓位就旅游了，岭南为主，百分之20农业，其他他,05-22 23:31
203,这股到底咋了，也没怎么大涨，连续2个大跌，既然亏的就拿着，我就不信端午节不启动旅,05-22 22:32
162,这只股月线最少也得阴线收，自己决定,05-22 22:28
161,喵的，死扛，看你能跌到哪,05-22 22:07
157,明天涨停,05-22 21:59
225,我觉得明天开盘-2然后一直处于-4-5之间下午拉升,05-22 21:54
148,为啥涨的时候一个个喊上涨趋势加仓干，一下跌马上就都喊下跌趋势，这都变脸都翻书还快,05-22 21:51
162,早就提醒你们了，不信，我的交易至少也有八成概率,05-22 21:48
417,有种就跌破周一启动价,05-22 21:47
539,我周二就发帖说这票下半周会把这周涨幅全吃掉，而且主力资金正在不计成本的出货，可惜,05-22 21:43
127,明天最后一踩，60天线，然后一路向上走，这波过前高,05-22 21:25
108,前天挣钱没有，今天赔了,05-22 20:52
198,12块有强支持，分钟指标严重底背离。预计明天下探后短期走修复。,05-22 20:28
99,除了早上开盘做了t一天都没给做t的空间，狗主力,05-22 20:12
100,旗形整理突破失败，大家都跑吧再别来了,05-22 20:01
134,广州市每年出入境1500万人次，每人带货平均1000元，一年150亿，利润20%,05-22 18:16
97,这垃圾还好昨天跑了下杀太狠,05-22 17:58
155,两天干我十个点,05-22 17:55
102,最无赖公司,05-22 17:46
285,岭南控股:关于共同投资设立中免市内免税品(广州)有限公司暨关联交易的公告,05-22 17:28
104,把两天涨的都要跌没了，要说套牢盘，也差不多了，这是啥意思，又到了启动价位了,05-22 16:45
274,突然想到一个问题,05-22 16:34
86,尾盘买入,05-22 16:28
351,[图片],05-22 16:26
82,还会阴跌不止,05-22 16:06
1613,岭南控股最新消息技术指标分析参考操作指南:1.趋势玩家:目前处于上涨趋势，未发现,05-22 16:03
94,真是看不懂,05-22 16:01
95,东西拉黑了,05-22 15:44
160,我又来唱空了这次看到11,05-22 15:30
87,明天还有一跌,05-22 15:13
86,主力没格局乱操作呵呵了,05-22 15:01
163,那些说洗盘的，哪个主力会两天跌10个点把两根中阳线涨幅全吞掉去洗盘呢，下跌趋势，,05-22 15:01
87,我来，看到11.11,05-22 14:58
81,快点跌停最好,05-22 14:58
79,太恶心了,05-22 14:57
95,收盘来个12.12,05-22 14:57
89,两天亏十二个点,05-22 14:57
89,这个是典型的A杀，还会有新低不用再抱幻想,05-22 14:55
83,明天开盘还不知道要埋多少人,05-22 14:55
169,12.66和12各挂一层仓，等主力送筹码。这里面主力实力不行，指望他拉高就别想了,05-22 14:50
83,这是有雷吗,05-22 14:50
71,收在最低点,05-22 14:47
213,震荡下行，初步看10块,05-22 14:46
76,明天直接涨停,05-22 14:44
78,还好吧这不又要旅游了这个股最考验忍耐力哼一下跌一下高,05-22 14:44
125,你是潜力股没错，是我辜负了你，去年10月份就加入自选，前天才买你，买进来就亏钱,05-22 14:39
74,照这个情况，明天还得阴跌，大跌容易补仓而不是下车吧,05-22 14:38
114,最低12.18元，把本周涨幅全部封闭。,05-22 14:37
70,回到周一的启动前位置,05-22 14:36
72,还有王法吗？,05-22 14:35
195,给新来的散户讲一下这个主力的打法，以后连续砸盘几天，突然小拉升一下，然后钝刀割肉,05-22 14:33
71,不是，哥们你当个人啊，两天十几个点啊,05-22 14:32
825,今天的T做早了，有没有资深老岭南给点建议做T,05-26 16:27
188,十字星能不能稳住？,05-26 16:26
106,11.62支撑挺稳啊，主力,05-26 16:17
123,拉尾盘，怕怕。,05-26 15:21
91,尾盘拉升非奸即盗！,05-26 15:07
128,现在再看看有没有相似之处，今天也是一根探底回升小阳,05-26 15:03
4279,市内免税店年内落地CBD 广州友谊国金店首层正在改造 具体开业时间未定,05-26 15:02
187,12.8买的还有机会解套吗？,05-26 14:59
117,今天就这样了,05-26 14:50
325,真的牛批，从赚4个点，到亏-11个点,05-26 14:38
91,给个机会吧，翻2倍我就能回本了,05-26 14:30
94,上面压单给人要突破的感觉，实则让散户涌进好出货,05-26 14:12
78,就是依托四,05-26 13:52
78,旅游板块跌了很久了,05-26 13:48
78,板块都涨上天了，这fw还在趴着，我真想入肉主力的muqin,05-26 13:39
91,今天大盘好才没跌，你要看看今天大盘不好绿死你，木头脑袋就不要炒股了，这还不走你想,05-26 13:37
97,涨两天跌4天，亏12个点，真是大韭菜。,05-26 13:36
95,小仓试错,05-26 12:45
130,看看龙洲，不占旅游都能涨停。你个FW！,05-26 11:53
186,玛德，亏成狗了。其它股赚的全亏在这货上，还倒贴一万多本钱。,05-26 11:42
164,现在都没啥成交量了，空狗还在砸，大家一起努力举报做空的,05-26 11:41
134,之前没设置止损位，真的亏大了。现在都左右为难，不知道该怎么设置止损位了,05-26 11:38
79,不是唱空，是一浪比一浪低，怎么办,05-26 11:27
74,我买什么什么跌呗？,05-26 11:02
75,真tn的FW,05-26 11:01
74,买条狗都比你强,05-26 10:47
101,红了我就追,05-26 10:29
78,阳光总在风雨后,05-26 10:28
79,跑吧，最后的机会，回光返照而已,05-26 10:23
75,追,05-26 10:15
71,红不了一点,05-26 10:09
91,简直就是板块耻辱，天天板块最后,05-26 09:59
80,我就说月线阴线吧,05-26 09:42
76,今天还是跌,05-26 09:25
81,量化反向砸盘了，量化不死，A股好不了,05-26 09:24
4223,并购重组+跨界收购+同业并购：最具含金量的公司！！友阿股份（002277）跨界收,05-26 09:02
84,岭南控股：融资净偿还474.96万元，融资余额1.38亿元（05-23）,05-26 08:50
443,岭南控股迎来5月最后一周，判断为横盘震荡选择方向中，周一至周四涨跌有望迎来多空双,05-26 02:41
257,明天还跌吗,05-26 01:53
864,岭南控股今天走势表现为未站稳，短线重要支撑为11.82，若跌破当天无法收回建议减,05-26 01:24
275,今天管住了手，明天回调时小仓位介入，如果再调那就再加。,05-25 22:46
499,完啦没看去年走势买了这货五六月都要跌下周割肉跑,05-25 21:54
281,下周继续大跌,05-25 21:52
125,岭南控股本周融资净买入1302.56万元，居旅游酒店板块第一,05-25 16:51
149,战斗机中的垃圾,05-25 16:01
244,岭南控股下周反弹逻辑：离境退税+业绩暴增+文旅复苏+国资改革+低空经济洗盘充分，,05-25 15:06
280,这股基本上到头了，后期会跌下来，留在过年九月附近在涨,05-25 13:42
265,唉，利润几乎全部回吐，开始割肉减仓。建议各位还是少玩这只股好。等它跌回五六元时再,05-25 00:10
168,短期是个底吧，主力一起赔钱？,05-25 00:08
375,12.98的成本，大约4万元。打死不卖……低了就补仓，不会做T，就会补仓……,05-25 00:07
254,13.55的成本，什么时候能回本哎,05-25 00:06
169,没出息的样子,05-25 00:06
158,这真的杀猪盘,05-25 00:05
158,这个票有问题，出了,05-25 00:05
204,这主力操盘快狠准，三两天就能把韭菜连根一起拔了，真是怕你了。这段时间把之前追高的,05-25 00:04
192,做个t还亏五个点多,05-25 00:04
187,牛，这三天。吧旅游板块都拉下去了,05-25 00:03
200,庄家真是楚声啊，今天还跳空低开砸那么多，被套四个点，我说今天能冲到12.3毛多就,05-25 00:03
195,大家不要急，这票走W型，到时大鹏展翅，花不光的钱,05-25 00:02
490,岭南控股亏了我15个点，还有希望吗,05-25 00:02
233,10.6接回来,05-25 00:02
306,跑就对了，旅游有啥预期，不用再乎那么多直接清仓,05-25 00:01
1033,泼天的富贵来了 —— 接还是不接？,05-24 16:38
321,量化基金潜伏进去大盘股，国家队拉大盘股，然后量化砸下来，摘下来低位后，买回来，然,05-23 20:59
228,11.98梭哈,05-23 20:48
414,三天砸了接近14个点。这种恶庄的确少见，而且还是没有任何承接的砸。下周一最后一杀,05-23 20:21
335,13.66入的主力没格局，直接2天10个点疯狂出货，感觉像是你之前3连板的出货架,05-23 20:11
222,，设置14.5出不去，一死拿，就一直跌，4年来收益历史新低，只有我不走就会一,05-23 17:55
174,早上12.12买入，以为起稳了，又站在山顶上了,05-23 17:35
257,在全球经贸格局深刻变革的2025年，中国与东盟十国于5月20日共同宣布全面完成自,05-23 16:50
491,机构下午都批量跳车了，散户凭什么觉得自己比机构要有远见，别提什么多少钱抄底，覆巢,05-23 16:28
229,买了几万手，周一就砸盘，不信砸不死你，买你就想做空，让主力gun,05-23 16:00
207,端午节都救不了广东旅游。,05-23 15:49
138,大盘都涨疯了你搁这潜水,05-23 15:32
171,13块卖飞的，又来倒车接人，底仓搞起来,05-23 15:16
813,我继续朗威股份，主力在打压吸筹，散户在出，这是要拉升的前奏,05-23 15:13
151,早就说了，这股月线阴线收,05-23 14:50
168,12.10刚买进。又下去了,05-23 14:38
148,垃圾是怎么炼成的，拜拜,05-23 14:32
148,瞧你这衰样,05-23 14:18
83,不看了，大概率怒涨一分钱,05-14 15:00
87,明天大盘一跌又完蛋了。,05-14 14:50
182,真红了，快夸我，但大盘都一个点了，它才堪堪红一下。好厉害！不愧是我千挑万选，选出,05-14 14:36
88,我怎么下午觉得会红，错觉吗？,05-14 14:17
80,垃圾股,05-14 13:33
72,这大盘涨了个寂寞,05-14 13:17
80,亚的，一路下来都不反弹下吗？你就这么Lj？？？,05-14 13:07
52,今年会不会st,05-14 13:02
86,今天卖掉去追科技了，希望不会有问题,05-14 12:22
95,量化设置了集合竞价高开就止盈砸盘卖卖卖，然后全天就不会再超过开盘价了,05-14 11:54
88,百货在启动，旅游也算消费啊，下午能不能支岭起来,05-14 11:48
140,天天就在我成本价跑来跑去也不让我亏也不让赚,05-14 11:40
76,删了删了，看着没劲,05-14 11:29
76,废了废了,05-14 11:20
86,装丝预料之中。。继续。。。耗时间正常,05-14 11:15
107,现在的交投很惨淡，目前都是主力和存量散户在玩。16元跌到现在也真够惨的。,05-14 11:00
89,早上开盘我还以为能涨，没想到啊没想到,05-14 10:19
66,谁买谁上当啊,05-14 09:50
75,岭南控股：融资净买入836.16万元，融资余额1.32亿元（05-13）,05-14 09:09
456,你看地天板吗，这个ST华西(SZ002630)早盘竞价主力一口气吃了一百多万手，,05-14 00:07
174,今天有试盘的架势了,05-13 21:48
72,大盘涨与它没关系，跌那关系就大了,05-13 21:43
472,布谷鸟还在么，这股准备回到它正常状态了哦，可能不是以前的10以内，变到11以内了,05-13 15:32
93,起飞,05-13 15:04
160,差点挨打，幸亏跑得快,05-13 15:02
81,真是个踩碎,05-13 14:43
118,今天估计又要开始跌了,05-13 14:30
82,跌停买点,05-13 14:19
159,主力志在高远！大型圆弧底形态！前期跌了几次后期也会涨几次！底部买入心态出现！明天,05-13 14:18
260,什么东西,05-13 14:02
213,2025全球跨境游大会将于5.27---5.30在成都拉开序幕！,05-13 14:00
725,岭南控股，旅游大热,05-13 13:58
85,再蓄力收盘应该在2个多点看好4日线,05-13 13:58
150,牛批，万年不涨是吧,05-13 13:54
93,金马要先飞起来,05-13 13:26
108,这票走了个大圆弧底，怎么也没看出来他有什么行情，怎么老是出现在智能选股中？看来是,05-13 13:22
130,散户不走完，成交量不下降到最低，怎么会涨呢？难道给散户割庄家韭菜吗？,05-13 11:22
85,该你了调整也差不多了，该起来运动运动,05-13 11:10
79,奶奶的，这都能画个M,05-13 10:37
73,金马带你飞,05-13 10:22
83,卖出,05-13 09:45
119,来，今天继续压盘。加油。。。够东西。。。我已获利2.6个点。。。再涨，我可要高抛,05-13 09:38
63,岭南控股：融资净买入55.32万元，融资余额1.23亿元（05-12）,05-13 08:53
401,利好来咯,05-12 22:15
125,欢迎到南方！,05-12 22:03
117,耗耐心呗。行情明天就可能不行。。老实呆着陪他玩,05-12 20:17
1670,应用场景加速上新 “AI+文旅”擦出新火花,05-12 20:13
218,87卖的，现在91要不要接回来？？,05-12 19:36
116,明天别忘了继续压盘，装丝。。谢谢。。要装到底，压到底，我就服你,05-12 18:47
106,不说涨不涨，明天直接3400见。。。。,05-12 17:45
223,11.922的本，你就涨到11.91是吧。。。。。,05-12 16:26
105,飞上五日线尾盘竞价入场,05-12 15:07
94,抄底了,05-12 14:41
183,真牛批，我现在11.92的本，我都觉得回不去,05-12 14:17
86,今天双针探底,05-12 14:05
97,抄底了,05-12 13:47
111,不如早上直接卖了冲进渝三峡，想买不买的一个劲儿的涨，买了的就死气沉沉，进去后就拼,05-12 13:41
135,2025全球跨境游大会将于5.27---5.30日在成都拉开序幕！“离境退税即买,05-12 13:36
82,加油,05-12 13:33
93,真烂，必须走了,05-12 13:13
87,总有涨停的，不要慌,05-12 12:38
126,不可能到60日线11.34的，支撑位11.62就开始止跌了，不过上升有压力，套牢,05-12 12:30
337,你看，这位德力股份(SZ002571)博弈地天板，早盘竞价主力偷袭吃货，地板上吸,05-12 12:29
409,11.9的本，说说你们的让我有个心里安慰,05-12 11:16
125,11.78入的，能不能赚钱走？,05-12 11:11
309,下周11块以下见,05-12 11:11
101,没突破12.2散户不要关注跌太久了。,05-12 11:06
79,加仓加仓,05-12 10:41
73,终于骗不到人了,05-12 10:15
75,一卖就就涨，无所谓了，反正补了万向,05-12 10:03
82,股价市值跌到退市节奏。散户不要关注了,05-12 09:59
81,智能选股又选出了早都被删股的你，看一眼就走不带一片云。,05-12 09:52
79,11以下再看吧,05-12 09:49
72,垃圾,05-12 09:46
76,这波浪线是什么鬼，谁能出来看看,05-12 09:43
323,30000股陪你过春夏秋冬，我就不信你不到15外面哪里也不去就在您老这呆着了,05-12 08:58
80,岭南控股：连续3日融资净偿还累计1057.51万元（05-09）,05-12 08:57
242,兄弟们，8月底前，6元附近可以入手试错了。,05-11 23:20
190,这个票完全没人气,05-11 21:03
83,岭南控股本周融资净偿还306.62万元，居旅游酒店板块第五,05-11 15:04
69,前几天关注军工，现在都关注外贸，这个票啥热点也蹭不到，今天估计也是没啥戏,05-12 08:36
292,四天反弹，他在这位置拼命压盘装丝，如果接下来行情差，基本是砸。。所以，只能潜伏。,05-11 09:51
320,除非下周有行情。否则这条够肯定还是装丝。。。所以，现在买要有耐心与一个月看，子弹,05-10 18:18
225,10.5有支撑，不用怕,05-10 14:45
228,肯定还会到10,05-10 12:46
273,上半月行情可能不好了。。。所以，像这种股可以买，但慢慢陪他玩。。你换别的强股，也,05-10 10:36
294,下周必卖,05-09 23:24
299,$岭南控股(SZ000524)$,05-09 20:30
267,$岭南控股(SZ000524)$,05-09 20:19
242,跑了，早上说要跌倒11.5，感觉高估它了，这次应该11往下，或者更低,05-09 18:01
179,这玩意到底跟哪个板块,05-09 15:41
180,《悬崖》正式开播了。,05-09 15:37
199,11.68要一路发，收盘价格不错，下周看涨,05-09 15:22
298,给爷好好砸，装丝。。。。我们有的是时间。。。,05-09 15:14
71,没有成交量没有人关注，主力也放弃了，好几天全是散户进进出出，近期不会有资金进来，,05-09 15:07
188,果断减仓,05-09 15:01
104,果然低开了，晦气，昨天不该回来，坚定点就好了，不到11.85不回来，可能就更低的,05-09 14:50
205,越跌越愿意扛，越低越补仓。散户的心里被主力吃的死死的，所以它天天阴跌而不是大跌的,05-09 14:49
162,上去吧,05-09 14:44
138,收盘价格正好收在5日线上，板块也收在了5日线上，说明止跌企稳了，应该要开始横盘了,05-09 14:37
178,来个跌停吧,05-09 14:29
157,垃圾股退市股,05-09 14:28
159,割了，垃圾股。换别的赛道了,05-09 14:20
158,……,05-09 14:16
181,亏了5个点了，一直补，一直亏。雪球越来越大,05-09 14:10
163,没有一丝反弹,05-09 14:07
161,拉圾,05-09 13:59
156,拉圾,05-09 13:59
161,旅游板块最差,05-09 13:57
153,涨停板吧亲娘,05-09 13:46
175,拉回来就牛了,05-09 13:42
239,这只股的第1波的主力走了一些，第2波的主力刚刚进来在收筹码，所以你们想涨起来，是,05-09 13:39
167,这垃圾股有毒！！！,05-09 13:38
129,还能救吗,05-09 13:01
161,这完全可以退市了。,05-09 12:27
153,$岭南控股(SZ000524)$,05-09 12:12
129,今天肯定是吃面的，每次高开必砸的，不要抱幻想,05-09 12:08
186,清仓走人就OK了，垃圾不用去关注，,05-09 11:53
172,老鼠仓,05-09 11:45
167,都不带反弹的,05-09 11:35
161,这玩意天天往死里砸,05-09 11:34
163,别个前几天大涨的票都没它跌得多，真恶心控股,05-09 11:28
161,涨个毫米跌个几米,05-09 11:21
156,昨天就该割你的,05-09 11:10
141,卧槽，，真的撑不住了，，这么跌,05-09 11:08
153,这种票要注意的是，大盘如果反弹它不一定会跟。,05-09 11:06
83,大盘一绿这货就麻烦了,05-09 10:55
94,买。。。继续装。。。,05-09 10:49
141,一点反弹迹象都没有,05-09 10:36
143,……,05-09 10:35
138,前面三天涨没有它的分，只要一跌，它最先跌，大跌,05-09 10:32
153,昨天旅游板块涨的少，它就跟旅游板块；今天免税跌的多，它就跟免税板块。,05-09 10:31
129,广东杀朱盘,05-09 10:26
141,标准A杀图像,05-09 10:25
130,昨天免税拉了一下，差一点昨天进了！还好,05-09 10:19
105,庄家吃饱了早就跑了！,05-09 10:08
89,大盘涨，它涨一分，大盘跌它可劲跌,05-09 09:42
82,垃圾,05-09 09:37
80,今天应该能到11.5,05-09 09:37
71,岭南控股：融资净偿还38.77万元，融资余额1.29亿元（05-08）,05-09 09:05
200,明天高开涨停，坐稳啦,05-09 08:41
247,下午会不会下跌？挂11.85能买到不？,05-09 07:22
263,今天守在5日线，是巧合?我不信，哈哈,05-09 00:21
163,明天开盘低开？,05-08 21:13
189,12.35的成本，拿了半个月还没回本,05-08 20:08
123,看样子今年也会有520行情,05-08 20:04
126,这个票太弱了，给人一种弃之可惜，留之无用的感觉,05-08 18:15
686,44%左右的收益-岭南控股1单阳突破添加自选（可跟进的信号）2股价缩量会抽,05-08 18:02
122,那个岭南股份已经退市了，你这走几分钱走势不会也退市吧,05-08 17:06
163,装难受了，拉盘潜伏太多了。砸盘，很多人想抄底刺激内需。,05-08 16:39
102,拉吉，卖了走了,05-08 16:35
231,零售百货全线都涨停，就这个旅游消费没人拉，还是公司有啥情况,05-08 16:27
105,不出意外明天低开低走。这股就这德行。,05-08 16:23
115,给回一回血现在主力都去投机了这个股基本面还行我看好,05-08 16:07
193,买你倒血霉,05-08 15:57
203,地量了，今天初步买入一些,05-08 15:41
100,这个股最近很奥脾气,05-08 15:10
177,你马3天不及人半天涨幅哪可能有人碰你,05-08 15:09
120,一个个大聪明在五一假期前都进旅游板块等主力发红包，当主力做慈善的吗，套了一大批大,05-08 15:09
102,明天瀑布了今天先撤,05-08 14:56
97,差不多可以上车了,05-30 15:24
67,你个废柴，要砸就砸个跌停出来嘛。天天这样子算啥？？,05-30 15:16
19,拉尾盘，非奸即盗！,05-30 15:02
18,排名第一的流氓渣子,05-30 14:29
25,一个多月了我c！,05-30 14:16
27,c了，天天跌！,05-30 14:15
28,看这周线月线死样子，下周继续跌,05-30 14:01
63,亿航智能与中国人保合作在广州开展低空飞行,05-30 13:25
128,今天半仓回这里，半仓10.29进雪人，那边目前已经10来个点了，哪怕周一低开闷杀,05-30 12:23
236,明天再跌，就入场了，能不能给个机会,05-30 11:53
58,昨天涨了那么点零碎，也不知道够不够今天亏的。看这情形，有点悬。典型的给你个苍蝇肉,05-30 11:02
437,旅游和关税板块要起飞了，美国宣布川普的所有关税行为都无效,05-30 11:02
60,岭南控股：连续3日融资净偿还累计807.35万元（05-29）,05-30 10:59
41,板块倒数第一才是你的位置,05-30 10:58
44,都没人玩了这股就这么震荡去吧,05-30 10:31
147,今天是跌还是涨,05-30 10:30
101,今天旅游板块，大杀四方！！！,05-30 10:29
184,我的荔枝也坚定继续持有！哈哈哈,05-30 10:20
77,又开始新的一轮下跌，拉好扶手，要往下冲了。,05-30 10:18
37,上个12跟个老太太一样费劲,05-30 10:17
46,拉一点就砸，恶意做空，打压股价,05-30 10:02
42,消费板块应该是属于后排的主力，目前来看还是有爆发潜力的。,05-30 10:00
54,感觉11块钱是今年的铁底，你们觉得呢,05-30 08:09
115,A杀的票没有两年以上很难起来，只能说这么多了,05-30 02:27
173,这货至少要跌到10.5,05-30 00:17
580,5月29日，岭南控股（000524.SZ）公告称，公司与中国免税品（集团）有限责,05-29 22:17
169,岭南控股:关于共同投资设立中免市内免税品(广州)有限公司完成工商注册登记的公告,05-29 22:02
98,哎，看今天这情形。这货明天不知道还要跌成啥样子了呢。,05-29 21:25
128,跌到9.9包邮吧,05-29 21:13
111,我刚刚进来又敢上涨了,05-29 20:42
114,赶紧把我洗的头皮发麻，不然半死不活的拿不住，越洗越有劲,05-29 17:20
137,这走势还得下探,05-29 16:39
113,掏钱买置顶，天天在这里骚扰股友，有意思吗？,05-29 16:20
103,一季度1.63亿人次出入境同比上升15.3%,05-29 16:13
129,这只股炒着是真累,05-29 16:13
224,11.50敢不敢过？,05-29 15:03
154,大盘如果能上四千点，这票才有可能上12块多。今天没跌，感谢大盘大涨吧。,05-29 14:33
77,泥玛跌起来比兔子还快，涨起来比蜗牛还慢,05-29 14:33
130,不要发帖和发弹幕了，安安静静看戏吧，不要让量化爬到任何信息,05-29 13:28
84,马力必的，都割了跑吧，这个主力出生不是人,05-29 13:08
222,股市就是残酷的，别管跌到哪里，反正现在不是买点，就是因为跌的少，散户还没绝望，等,05-29 11:53
92,这股还有救吗,05-29 11:52
175,英之园被拆了看来影响挺大啊！,05-29 11:50
96,还得跌到9.9包邮,05-29 11:34
94,今天能上涨全靠美国的法案，明天99%下探11附近,05-29 11:31
81,赚钱跑了，昨天买今天跑，以后不买杂毛,05-29 11:26
77,本人平时很少发火，这股实在是,05-29 11:05
75,本人平时很少发火，实在是,05-29 11:04
80,下午来个试盘线出一部分,05-29 10:42
76,要不是大盘撑着，这货今天得再跌4个点,05-29 10:34
72,几分钱玩一天，不要留恋，快跑,05-29 10:20
76,飞舞飞舞,05-29 10:04
84,板块涨你还跌，真牛,05-29 09:46
65,岭南控股：融资净偿还347.75万元，融资余额1.35亿元（05-28）,05-29 09:30
75,其实只要头一天发公告好消息，第二天别进就行了,05-29 08:24
467,沉默了一段时间。最近几天又来关注这票了。之前高位下来，主力资金肯定是出逃的。目前,05-29 07:21
192,8元到9元多再来参与搏取短差，长线看跌到7元以下。没成本的我拐着141万盈利飘过,05-29 06:30
222,今天破位，你割了吗？割了就好，正所谓不破不立，庄家专杀技术派,05-29 06:22
225,坚持最后一两天一定是大涨。,05-29 05:57
477,图形漂亮，可惜赚10个点出了，落袋为安,05-28 23:11
166,正在走ABC下跌三浪中的C浪，跌完之后就会又一波拉升。,05-28 23:02
153,有本事你在跌,05-28 22:27
129,端午节日来临，旅游还是看好的,05-28 22:22
189,放量再买,05-28 22:14
235,他和中免合作是不会有好下场的，只能被吸血，中免几年前拿过清了，后来发现这个股从2,05-28 22:04
155,明天最多收个十字星，或者是小阴小阳，不可能有大涨,05-28 21:59
196,创八年新高会走成这个样子，不是第三大股东广州产投在融券卖空真说不过通。炒股23年,05-28 21:49
683,国资企业基本面良好，且还有各种利好，在这种情况下连续下跌，除非业绩造假，如果排除,05-28 21:40
175,远离广东股，再也不见,05-28 21:36
232,看来今天有人被击穿了，损失15-20%被迫止损了。开盘1小时止损掉8千万，今天估,05-28 21:12
182,我今天进来就发现错了，成本11.4，明天反弹到11.5就跑，这个股现在起不来,05-28 20:46
708,大利好来了，据广东省商务厅消息，广东深入贯彻落实党中央、国务院关于提振消费、扩大,05-28 20:38
84,我没走一直扛,05-28 20:36
222,11.62也破了，快到底了,05-28 20:36
102,免税概念是红的，跟谁,05-28 20:34
241,成本13.6割肉还是等,05-28 20:19
279,外交部：中方对沙特等4国试行免签政策人民日报客户端2小时前约1分钟28日，外交部,05-28 20:03
147,谁知道这属于什么板块,05-28 19:59
353,董秘您好，同行业公司九华旅游拟折价20%发定增，贵公司可否用闲置资金积极参与这种,05-28 19:54
95,跟谁,05-28 19:51
277,散户会发现有的时候，自己卖出的股票越是不看好，越是会上涨。等过了几周回来一看，都,05-18 22:21
184,来个W形或者M形呢还是金马游乐，靠吹实在,05-18 21:52
203,有些人踏空了感觉要发疯了，如果是我要么就去追要么短期就不会再看这个票，不会像某些,05-18 21:31
225,人气一下子就上来了,05-18 20:26
299,可惜没站稳12.21,05-18 19:11
462,我手握众信和岭南，节前就埋伏了，结果被埋伏了，每天2个点下跌多久可以归零呢！兄弟,05-18 18:53
392,这股周一你们进不去了,05-18 15:33
186,周末发文有益重组预期,05-18 15:11
70,岭南控股本周融资净买入309.92万元，居旅游酒店板块第四,05-18 15:03
248,【广东省文化和旅游厅】2025年5月19日是第15个“中国旅游日”，广东省文化和,05-18 12:45
396,确定性要涨一波了！,05-18 12:34
319,看来下周开盘两种走势：1.不给机会焊死。2.冲高回落尾盘翻绿套一批。,05-18 11:20
190,明天会涨三个点开盘吗？期待,05-18 08:58
102,这个股票的业绩在旅游板块中算什么级别,05-18 06:02
305,星期一睡觉,05-18 02:46
2854,广州市内免税店要来啦！四家国企将联合经营,05-18 01:07
350,这股要连板,05-17 22:01
5987,广州市内免税店来了！四家国企官宣联合经营,05-17 21:20
292,这次我打算拿到30块钱了,05-17 19:51
291,周一能涨多少？,05-17 19:29
272,和st岭南是什么关系啊？,05-17 19:17
2485,广百股份股东大会：从北京路到环市东路，广州友谊的业绩之谜,05-17 17:32
307,这广百与岭南到底利好谁呀？周一不知道他俩谁会板？,05-17 17:02
738,岭南控股：拟共同投资设立中免市内免税品（广州）有限公司,05-17 14:59
1.0万,太火热！一板块异动拉升,05-17 14:50
311,岭南控股由广之旅拉来人头并由酒店提供食宿，广百提供商品，白云机场提供保障人员进出,05-17 14:23
219,聪明避开了51，洗了又洗,05-17 13:38
291,八大试点城市之中广州又走在人前成了第一个吃螃蟹的，岭南和广百我觉得岭南利好更大，,05-17 13:20
2159,岭南控股：拟与中免集团等共同投资设立广州市市内免税店,05-17 12:11
3143,四公司共同设立公司 运营广州市内免税店,05-17 11:52
335,看来今天又有人卖飞了，下跌的时候，肯定有人恐慌性抛了。现在接不回来了。,05-17 11:02
469,广百开店，岭南出钱，中免给证。广百和岭南是一家的。也就是说岭南没有拿到免税的资格,05-17 10:56
90,快跑吧，今天尾盘肯定不会拉了。,05-17 10:37
288,广州市每年出入境1500万人次，每人带货平均1000元，一年150亿，利润20%,05-17 10:24
259,下周一要开始为期一周的买买买了,05-17 10:06
756,扩大免签范围，进一步利好入境游板块！,05-17 09:53
267,广州第一家市内免税店，配套链条完善了绝对垄断,05-17 09:46
239,中免提供经验技术，岭南提供大量客源，广百提供产品，白云机场提供场地人流，一套完美,05-17 09:45
456,利空啊，看不出来吗？期待已久的免税，以后就19%的市内免税店的股份。大发叫花子啊,05-17 09:42
234,才20个点不到股份，没用,05-17 08:50
524,广州免税店deepseek预测五年利润广州免税店deepseek推测一下#**总,05-17 07:40
300,看着是利好，实际算是利空。这么本意味着不会单独再发免税牌照了。,05-17 02:21
281,逻辑不通啊，新华制药涨停对你没影响吗,05-17 00:59
289,我今天差点被洗出去了，有谁知道这个到底是利好还是利空，下周会涨不？,05-17 00:17
277,咋觉得今天可以慢慢建仓了呢？,05-16 23:48
295,中免是国家授权的国内唯一经营免税店的，现合起来一起做（垄断）比分开做（竞价）要好,05-16 22:42
288,没有免税牌照了，只能搞合资。,05-16 22:39
217,重组的可能性比较大**一、支持重组的潜在动因**1.**政策与国资背景推动**-,05-16 22:28
265,今天减了半仓你就出利好,05-16 22:26
261,回本我就走13的本,05-16 22:18
314,战友们，我回本了，怎么个操作，有没有战友指条明路,05-16 21:13
224,进来了，我看有勾托没买到急眼了,05-16 21:12
291,岭南控股：5月16日召开董事会会议,05-16 20:10
248,加油下周12.50吧我就可以开始盈利了，半仓等你起飞，上12.50可以适当加仓,05-16 20:09
247,马的今天下午开盘直接梭哈了，不知道是对是错,05-16 19:50
193,怪不得下午走的很强势，看来是有先知先觉的在进货。,05-16 19:45
886,岭南控股(000524.SZ)：拟参设中免市内免税品(广州)有限公司,05-16 19:02
182,后面继续大涨。,05-16 18:19
192,下周感觉可以启动了,05-16 18:04
78,岭南控股:董事会十一届十六次会议决议公告,05-16 17:59
213,横盘震荡期，主力会上下震荡打压吸筹，免不了一段时间的吸筹砸盘，等着吧，等庄家吃够,05-16 16:59
378,从16元一路重仓买下一路补一路补，盈利亏损了将近一半来，从230万亏到137万，,05-16 16:36
266,从16元一路重仓买下来，一路补一路补，盈利亏损了将近一半，从230万亏到137万,05-16 16:28
56,$岭南控股(SZ000524)$,05-16 15:18
168,12.14有魔咒，收盘价很可能就是它,05-16 14:54
148,以为你是旅游股里的龙头，没想到你连龙尾都不算。,05-16 14:49
165,亚历山大，套牢盘太多，一上涨无数跑单压上,05-16 14:42
505,持有的伙伴有喜了，天时地利人和都有了，就看明天表现如何？,05-16 14:38
171,大盘要跳水了,05-16 14:35
123,这操作吃相难看就是骗相行为真可恶,05-16 14:30
158,小皮球，加油！,05-16 14:27
105,扶不起的阿斗,05-16 14:12
218,昨天听吧里人的话11.88尾盘割肉了，卖飞了怎么办，亏好几十万再也买不回来了怎么,05-16 14:02
142,踢飞了,05-16 13:56
153,终于起来了,05-16 13:54
155,连续好几天14过不去，短期到顶了,05-16 13:43
146,冲一下啊,05-16 13:24
151,嘎子盘她,05-16 13:17
185,bu杀跌不卖不冲高不买,05-16 13:16
159,站稳不了12.5都不用看，还是继续调整。,05-16 13:13
7,拉尾盘，非奸即盗！,05-30 15:02
62,你个废柴，要砸就砸个跌停出来嘛。天天这样子算啥？？,05-30 14:33
17,排名第一的流氓渣子,05-30 14:29
24,一个多月了我c！,05-30 14:16
25,c了，天天跌！,05-30 14:15
27,看这周线月线死样子，下周继续跌,05-30 14:01
58,亿航智能与中国人保合作在广州开展低空飞行,05-30 13:25
56,昨天涨了那么点零碎，也不知道够不够今天亏的。看这情形，有点悬。典型的给你个苍蝇肉,05-30 11:02
41,板块倒数第一才是你的位置,05-30 10:58
124,今天半仓回这里，半仓10.29进雪人，那边目前已经10来个点了，哪怕周一低开闷杀,05-30 10:56
43,都没人玩了这股就这么震荡去吧,05-30 10:31
37,上个12跟个老太太一样费劲,05-30 10:17
99,今天旅游板块，大杀四方！！！,05-30 10:04
44,拉一点就砸，恶意做空，打压股价,05-30 10:02
183,我的荔枝也坚定继续持有！哈哈哈,05-30 10:01
40,消费板块应该是属于后排的主力，目前来看还是有爆发潜力的。,05-30 10:00
75,又开始新的一轮下跌，拉好扶手，要往下冲了。,05-30 09:28
60,岭南控股：连续3日融资净偿还累计807.35万元（05-29）,05-30 09:04
145,今天是跌还是涨,05-30 07:07
54,感觉11块钱是今年的铁底，你们觉得呢,05-30 06:59
172,这货至少要跌到10.5,05-29 23:35
234,明天再跌，就入场了，能不能给个机会,05-29 22:36
580,5月29日，岭南控股（000524.SZ）公告称，公司与中国免税品（集团）有限责,05-29 22:17
128,跌到9.9包邮吧,05-29 21:13
111,我刚刚进来又敢上涨了,05-29 19:22
169,岭南控股:关于共同投资设立中免市内免税品(广州)有限公司完成工商注册登记的公告,05-29 18:16
114,赶紧把我洗的头皮发麻，不然半死不活的拿不住，越洗越有劲,05-29 17:20
137,这走势还得下探,05-29 15:26
224,11.50敢不敢过？,05-29 14:40
77,泥玛跌起来比兔子还快，涨起来比蜗牛还慢,05-29 14:33
98,哎，看今天这情形。这货明天不知道还要跌成啥样子了呢。,05-29 14:17
78,又要开始拉稀了,05-29 14:03
115,A杀的票没有两年以上很难起来，只能说这么多了,05-29 13:43
436,旅游和关税板块要起飞了，美国宣布川普的所有关税行为都无效,05-29 13:17
84,马力必的，都割了跑吧，这个主力出生不是人,05-29 13:08
154,大盘如果能上四千点，这票才有可能上12块多。今天没跌，感谢大盘大涨吧。,05-29 11:56
94,今天能上涨全靠美国的法案，明天99%下探11附近,05-29 11:31
81,赚钱跑了，昨天买今天跑，以后不买杂毛,05-29 11:26
96,还得跌到9.9包邮,05-29 11:08
129,不要发帖和发弹幕了，安安静静看戏吧，不要让量化爬到任何信息,05-29 11:07
77,本人平时很少发火，这股实在是,05-29 11:05
75,本人平时很少发火，实在是,05-29 11:04
80,下午来个试盘线出一部分,05-29 10:42
92,这股还有救吗,05-29 10:35
76,要不是大盘撑着，这货今天得再跌4个点,05-29 10:34
72,几分钱玩一天，不要留恋，快跑,05-29 10:20
76,飞舞飞舞,05-29 10:04
84,板块涨你还跌，真牛,05-29 09:46
61,又开始骗散户了,05-29 09:41
109,今天大概率要破11了,05-29 09:17
65,岭南控股：融资净偿还347.75万元，融资余额1.35亿元（05-28）,05-29 08:58
175,英之园被拆了看来影响挺大啊！,05-29 08:47
75,其实只要头一天发公告好消息，第二天别进就行了,05-29 08:24
467,沉默了一段时间。最近几天又来关注这票了。之前高位下来，主力资金肯定是出逃的。目前,05-29 06:32
222,今天破位，你割了吗？割了就好，正所谓不破不立，庄家专杀技术派,05-28 23:58
166,正在走ABC下跌三浪中的C浪，跌完之后就会又一波拉升。,05-28 23:02
153,有本事你在跌,05-28 22:27
155,明天最多收个十字星，或者是小阴小阳，不可能有大涨,05-28 21:59
175,远离广东股，再也不见,05-28 21:36
225,坚持最后一两天一定是大涨。,05-28 20:43
95,跟谁,05-28 19:51
102,免税概念是红的，跟谁,05-28 19:51
99,太坏了我也不敢补仓，只能减仓一半,05-28 19:38
147,谁知道这属于什么板块,05-28 19:24
189,放量再买,05-28 19:12
129,端午节日来临，旅游还是看好的,05-28 18:38
125,4月份炒旅游，真是对呀。今天跌倒4月1日快速启动点位，难道一直要等到8月份吗？犹,05-28 18:14
151,大家一起打证监会电话，操控股价，恶意做空。,05-28 17:54
279,外交部：中方对沙特等4国试行免签政策人民日报客户端2小时前约1分钟28日，外交部,05-28 17:49
133,不是，这也太菜了吧,05-28 17:22
104,是不是财务作假,05-28 17:04
112,割了,05-28 16:53
182,我今天进来就发现错了，成本11.4，明天反弹到11.5就跑，这个股现在起不来,05-28 16:25
141,他MD，下来比火箭还快,05-28 15:39
148,跌的真过瘾,05-28 15:34
90,才买你，就被你当头一棒,05-28 15:31
235,他和中免合作是不会有好下场的，只能被吸血，中免几年前拿过清了，后来发现这个股从2,05-28 15:23
196,创八年新高会走成这个样子，不是第三大股东广州产投在融券卖空真说不过通。炒股23年,05-28 15:17
123,今天行情这么差，居然放量了。谁在买，小散？还是主力？还是量化？,05-28 15:12
111,大盘预计再来一次大跌，应该就调整的差不多了。不然抄底资金不会进场。,05-28 15:08
34,$岭南控股(SZ000524)$,05-28 15:06
181,我进了1/2仓，我的逻辑是，香港国际调停院，5月30日在香港正式成立，会员国来，,05-28 14:58
94,坚持住马上3点就不亏了,05-28 14:48
76,老妈,05-28 14:48
77,破位,05-28 14:42
69,兄弟们快买,05-28 14:34
95,风险,05-28 14:32
241,成本13.6割肉还是等,05-28 14:15
222,股市就是残酷的，别管跌到哪里，反正现在不是买点，就是因为跌的少，散户还没绝望，等,05-28 14:14
84,我没走一直扛,05-28 14:11
192,8元到9元多再来参与搏取短差，长线看跌到7元以下。没成本的我拐着141万盈利飘过,05-28 14:09
116,这两天终于把这割清了。不过割了后，总是担心它会涨。现在目标就等它跌到8元再来,05-28 13:51
71,证券公司,05-28 13:49
164,散户卖了3000手,05-28 13:44
79,节后再买了,05-28 13:42
204,还有谁没割,05-28 13:42
70,怎么成了,05-28 13:33
264,主力吃饱了，我也吃饱了。舒服啊,05-28 13:25
82,端午倒计时三天，学生放假倒计时11天,05-28 13:24
70,垃圾,05-28 13:21
222,11.62也破了，快到底了,05-28 13:17
62,……,05-28 13:17
82,板块垫底一个星期了。,05-28 13:15
69,无语，割了。留下的发财。,05-28 13:09
158,请问午后会不会地天板呢，这位*ST信通(SH600289)今天跌停巨量开盘，是全,05-28 13:02
77,倒数第二名这股牛逼,05-28 13:01
65,远离公司,05-28 13:00
95,是要九块九包邮吗？,05-28 12:16
74,公司不倒闭，不割,05-28 12:15
96,以为你是龙，结果你是虫。真孙子。割了,05-28 11:57
75,唉，割了,05-28 11:56
87,6天快20个点，公司一定有问题,05-28 11:49
81,追涨又被A杀，买下跌趋势，又跌跌不休，来个大神拉一把，感谢,05-28 11:30
77,突破支撑位大跌了,05-28 11:24
105,突破14指日可待,05-28 11:20
76,全体股民举报这个公司卖国有资产,05-28 11:20
94,真的ex,05-28 11:15
125,下午大涨,05-28 11:14
93,跌到心烦，狠心一横，割了,05-28 11:11
79,不要幻想，继续跌，主标准的出货了,05-28 11:06
163,下午大涨,05-28 11:02
130,大家坐稳了啊,05-28 10:51
76,废了废了，一泻千里,05-28 10:38
73,兄弟们，8月底8元附近进场，又是一条好汉。,05-28 10:38
118,13.4怎么回本,05-28 10:37
683,国资企业基本面良好，且还有各种利好，在这种情况下连续下跌，除非业绩造假，如果排除,05-28 10:33
75,这公司,05-28 10:32
110,弟兄们！不要怕，越砸越买，主力沉不住气了。,05-28 10:26
64,这个公司,05-28 10:25
79,被套的估计只能等分红再看看9月能不能回一点,05-28 10:23
63,做股票就是这么残酷，赚钱永远只有主力和一小部分人赚钱。被击穿就没办法了。,05-28 10:22
69,你个,05-28 10:21
119,这孙子今天加速下跌了，不过看承接还是差意思，还要砸,05-28 10:19
87,做区间左侧行情确实难做，左侧难言底部，根本不知道跌到什么时候才是底，没信心就被击,05-28 10:11
232,看来今天有人被击穿了，损失15-20%被迫止损了。开盘1小时止损掉8千万，今天估,05-28 10:11
69,$岭南控股(SZ000524)$,05-28 10:09
69,看来准备大涨特涨了,05-28 10:08
68,是不是要退,05-28 10:08
66,被气笑了,05-28 10:07
69,10.66附近可以做短线，其他的基本上是弱反弹,05-28 10:07
64,近期炒过的不要碰,05-28 10:07
66,修复都懒的修复了加快洗牌,05-28 10:06
85,为啥跌？早上11.75还准备买呢。。。,05-28 10:03
90,这是怎么了一泻千里，买了一个星期，跌了我10个点。,05-28 10:03
60,为什么大跌,05-28 10:02
77,前几天说这是龙头的人呢？现在还比不比大连强了？,05-28 10:02
67,鹅庄吃s了,05-28 10:02
131,一股不补一股不卖,05-28 09:59
86,什么情况？,05-28 09:58
54,必须回到10元一下,05-28 09:55
71,这算不算操纵股价,05-28 09:55
55,垃圾，指数红了，你大跌,05-28 09:54
57,买惠泉赚的，还不够你这里跌的，也是服了,05-28 09:53
112,12.5本，什么时候回本，越补越跌,05-28 09:53
52,的有本事跌到1元以下,05-28 09:53
95,岭南今天大红大涨，立字为帖。,05-28 09:50
61,你们这些人是真的蛮弱的，1小时不到，全跑光了，呵呵。,05-28 09:50
130,股价连续下跌，公司出现问题了吗？董秘也不出来澄清下，！！,05-28 09:47
60,昨天买了1000股，跌十个点加仓,05-28 09:47
58,我5月20日进来你就天天跌，你怎么不做人偏偏要做狗呢？,05-28 09:46
149,来一波行情啦，只要回本，筹码全给你，不玩了,05-16 13:08
146,六一儿童节小长假来一波啊,05-16 13:02
169,大家看到吧，上涨的话，还是有人跟风的。只要略微拉几个价位，就会有人跟风,05-16 11:40
136,不看好的现在就抛,05-16 11:14
136,看你表演,05-16 11:12
132,你不也有低空经济,05-16 11:03
121,金马要飞了，你浪费大家时间,05-16 10:51
156,这个还需要等几天，耐心持有,05-16 10:47
116,火烧芹菜，温水煮韭菜,05-16 10:40
116,量化严重控盘,05-16 10:30
89,牛逼，你我真是渣渣中的极品，，，，,05-16 10:28
111,不错，，哟西，我还能装。。加油。。。,05-16 10:21
83,垃圾,05-16 10:00
89,横久必跌下看10点5,05-16 09:59
89,知道这个股最令人作呕的是什么吗？阴跌这么久人气都是1000以内，散户是真的多,05-16 09:56
61,岭南控股：融资净偿还857.85万元，融资余额1.26亿元（05-15）,05-16 09:11
64,今天主打一个藿香正气水概念的股,05-16 09:03
66,周一以为是大圆弧底，现在看来是澡盆了，就看盆子有多大了,05-16 08:49
78,今天加油压盘，够东西。。。已横盘那么久，该砸了。,05-16 07:59
143,明天应该又轮到旅游和酒店了，加大国内大循环也涉及,05-15 22:49
114,明天又是低开迅速下杀，大盘都开始向下调整了，还期望这厮能当逆子。,05-15 22:07
119,中方决定对巴西等拉美五国试行免签政策_中华人民共和国外交部林剑,05-15 20:57
1758,一、今日跟踪：1、神农种业2、岭南控股3、苏州龙杰（个人观点，仅供参考，股市有风,05-15 20:41
154,难道说？,05-15 17:46
147,我说实在的，你们这些看一天分时下跌都在那煽风点火，嚷嚷着明儿个还要跌8个点，后个,05-15 17:03
98,都不带反弹一下的,05-15 17:01
143,前几天买，昨天高点卖了一点，今日买回。。反正这够东西会装丝，也是预料之中。。耗呗,05-15 16:43
1170,26%左右的收益1单阳突破添加自选（可跟进的信号）2股价缩量会抽寻找机会（,05-15 15:56
94,倒数哈哈哈喜欢买垃圾我就是要观察这个股什么时候退市,05-15 14:59
89,我只要死拿一个票，就是跌的，麻痹，现在亏钱历史新低,05-15 14:59
152,唉……好久没来了。还有以前的钉子户在吗？,05-15 14:50
141,岭南控股在筑底,05-15 14:48
721,岭南控股：“五一”文旅市场火力全开创新产品激发消费新引擎岭南控股000524岭南,05-15 14:47
89,应该还要再下一个台阶,05-15 14:45
82,上次的t王呢，还在吗,05-15 14:39
144,哈哈，又出来一个晒利润有几百万的，明天交割日必大跌,05-15 14:32
100,都说了没量，所谓的底部都是烂的，一击即破,05-15 14:15
96,根据我的经验红三兵后今天收阴线，明天收底部十字星，下周一macd金叉开始拉升,05-15 13:47
227,岭南控股，昔日的大哥，再次回到启动位，有资金开始逐渐建仓，本以为会出现砸盘，谁知,05-15 13:44
121,托盘必跌，感谢岭南让我大赚,05-15 13:43
118,每天都被这股折磨得死去活来。这段时间，被这主力锤得体无完肤，实在玩不过这主力。,05-15 13:40
88,明天大概率收底部十字星了,05-15 13:24
71,急拉慢跌，绿柱多,05-15 13:19
79,麻了个早知道不卖你了,05-15 13:14
74,横盘必跌,05-15 13:14
72,真恶心,05-15 13:13
147,郁闷，本来想发持仓截图的。想想还是算了……如果不是16元追高，一路往下补仓，利润,05-15 13:02
95,天又塌了，昨天满仓干进来的,05-15 12:20
41,$岭南控股(SZ000524)$,05-15 12:13
118,$岭南控股(SZ000524)$,05-15 11:03
79,不如改名量化控股吧也别叫岭南控股了,05-15 10:56
99,看了下论坛，见不到一个认识的，以前常在股吧混的几个销声匿迹了？？？现在都是不认识,05-15 10:55
84,今年广州的广交会带来不少游客，五星级酒店挺爆的，广州人出外旅游也多，广之旅生意不,05-15 10:47
74,起不来，大家可以跑了,05-15 10:43
80,还是看不出有主力资金的架势，不过圆弧底走的确实挺好看，如果有一个3%以上的放量上,05-15 10:43
84,没人跟，熄火了，大单还在出,05-15 10:31
81,这股前阵子涨太多了，跑,05-15 10:27
80,就这？结束了？？？,05-15 10:25
75,握草这股是不是有雷,05-15 10:17
191,这走势，明天咋样,05-15 10:12
106,都是上月底来接盘，等着解套换股的，怎么可能大涨哦。,05-15 10:04
73,量化设置了竞价高开就止盈砸盘，然后全天都是震荡，所以每次高开要比手速跑跑跑,05-15 10:02
63,今天是涨是跌啊？猜不透，根本猜不透,05-15 10:02
72,稳不住了，大单在跑,05-15 09:56
57,按照这股的德行，今天至少要跌2个点,05-15 09:50
52,给我看好15日线小张，小张,05-15 09:45
55,又是昨天套路？,05-15 09:24
71,岭南控股：连续3日融资净买入累计1167.77万元（05-14）,05-15 09:05
115,来个涨停怎么这么难,05-15 06:01
106,明天涨停,05-15 04:24
1601,大家中午好，我是志哥早盘建仓操作！,05-14 22:50
129,明天涨高就跑，大跌补仓，随你怎么折腾,05-14 22:44
239,有没有比我惨的,05-14 22:03
106,形态看似很美，但无量,05-14 21:48
107,把你卖了，买过万向，南方，襄阳，红墙,05-14 17:43
172,13的本，何时回来,05-14 17:36
128,在步步高，岭南二选一，我都选了,05-14 16:23
91,明天值得期待,05-14 16:11
221,看着这个貌似大圆弧底，确实挺诱人，感觉随时都有拔起来的可能，可咋就是不敢进呢？想,05-14 15:23
88,尾盘是买点,05-14 14:58
71,拉黑,05-22 10:40
69,主力一直在小单卖,05-22 10:38
75,12.4必破,05-22 10:35
70,废了这票,05-22 10:35
69,缩量下跌，看新低，阴跌不止,05-22 10:34
121,玩了那么久，本来赚钱的。前期拉高，后面跌下来不断买进，结果亏钱了，还是亏大了。哎,05-22 10:33
70,行情走势如,05-22 10:26
307,今天出来很多无脑唱多的小号，懂得都懂,05-22 10:24
83,跌的太慢了，跌到十块以下我在买，等着坚定信念！,05-22 10:22
69,赶紧跑，还有跌。这个是骗人的,05-22 10:22
74,12.46必破,05-22 10:21
76,要跑吗,05-22 10:20
92,两天跌十个点。草,05-22 10:19
69,买啥跌啥,05-22 10:18
75,蹦着往下啊,05-22 10:13
77,空仓一段时间，大盘要回调，买啥都得跌,05-22 10:12
69,求你了,05-22 10:12
69,前期挣了没走，2天就吐出去了！这股真要命,05-22 10:12
69,块跌停，我加仓,05-22 10:11
70,加仓了，跌吧？,05-22 10:11
356,套牢盘释放了一批，追涨的又进来一大批，又得继续调整了,05-22 10:11
71,稍微有点趋势了，就是让散户进，一买就按地板摩擦,05-22 10:10
43,开盘半小时，有效跌破五日均线，向下只有十日20日均线有一定支撑作用，按照原计划全,05-22 10:09
90,岭南控股：融资净买入1958.98万元，融资余额1.43亿元（05-21）,05-22 10:06
71,真是把我们当RI本人在干要命，,05-22 10:05
63,这个股票主力出货坚决,05-22 09:51
61,这玩意是真,05-22 09:51
64,猛虎下山,05-22 09:43
64,这个股有一个特点一旦大幅度下跌，会一天比一天更低,05-22 09:39
62,还好昨天跑了，要不今天不知道该咋办了,05-22 09:38
57,投子认输，割了，亏麻了,05-22 09:37
74,北京商报：据航旅纵横大数据，截至5月20日，端午假期国内航线机票预订量超189万,05-22 08:56
114,2025年5月：中国旅游集团（中免母公司）与广州城投签署战略协议，计划投资30亿,05-22 08:35
91,中国-东盟自贸区3.0版谈判全面完成,05-22 06:58
152,兄弟们，坐好车，明天主力不拉板，我套花呗给你们拉……,05-22 02:18
155,涨不上去，跌起来跌幅很大，明天可能更惨，看谁跑得快吧,05-22 00:41
216,这股明天会反弹吗？,05-21 23:01
154,我来唱个空，明天继续下跌7个点。,05-21 22:33
170,$岭南控股(SZ000524)$,05-21 22:30
180,明天肯定上涨，今天是调整一下，h别怕,05-21 22:29
504,大家都割肉了吗，位置也不高啊,05-21 22:28
161,正好到11.72,05-21 22:27
2784,4.39亿元资金今日流出社会服务股,05-21 22:23
317,昨天13.4追进来今天低开就不给出去，收盘直接跌六个点？两千股亏麻了。。。,05-21 22:18
160,昨天追高的，想着今天高开就跑，完全不给机会,05-21 22:14
117,缩量下跌还会跌，明天还会铁你们看看！,05-21 22:11
168,明天不给上车机会了,05-21 21:59
57,明天触碰5日线反弹就介入，下破5日线清仓观望，目前不到2成仓位。,05-21 21:57
110,突破形态，今天回调一下，明天上涨,05-21 21:46
160,看今天的分时图，割肉的散户应该不多啊，看来还没到位，明天还要杀跌，大家开盘跑吧,05-21 21:41
155,这股为啥今天跌成这样,05-21 21:36
150,有点怕怕，太多人看多了。,05-21 21:30
141,好不容易，有点名气，这股就要洗,05-21 21:19
126,明天低开低走一整天，继续缩量下跌，月末快端午节的时候，有一波行情，支撑位看到11,05-21 21:13
229,主力资金疯狂不计成本出货，不知为何？,05-21 21:00
488,有没有相似之处,05-21 20:32
95,这个票跌不停还好跑了,05-21 20:16
182,不以一时成败论英雄,05-21 19:38
361,是出货还是洗筹码？今天跌太多了,05-21 19:34
3335,省市3家国企参投设立广州市内免税店，南沙邮轮母港将设立离境提货点,05-21 19:28
120,怕啥，看走势就行了，只是回调，大胆干。,05-21 19:23
109,明天要是不反弹的话，这股会创新低,05-21 19:16
92,买到这样走势的股恶心一整年。,05-21 18:42
92,咱这股的主力是观光客吗,05-21 18:05
1487,岭南控股000524最新消息分析技术指标，以下先看图片昨日主力利用消息面利好放量,05-21 17:26
258,说啥呢，线上做多，主升浪回调，这波创新高,05-21 17:19
148,洗的好彻底,05-21 17:08
103,前日的6个点硬挺着归0，盘口不佳，行业板块走↓，但K线不难看！还在5日线上，,05-21 17:05
206,最后深蹲，再起跳，跳得更远,05-21 16:43
100,真牛啊这么猛砸,05-21 16:05
90,明天不修复就变狒狒了,05-21 15:53
48,$岭南控股(SZ000524)$,05-21 15:44
98,别慌，明天周四，企稳的一天，做一个十字星，或者一根锤子线都有可能。,05-21 15:36
88,端午概念股,05-21 15:24
177,早盘坚持先进后退策略，补足三成仓位。,05-21 15:15
94,好好的图形,05-21 15:11
119,不认错,05-21 15:04
85,唉，上午没卖出去，昨天进来赚4个点，今天还倒亏2个点,05-21 14:53
72,这浠窜的太多了,05-21 14:50
76,犯天条了,05-21 14:46
106,今天早盘买进后，全天下跌横盘走势，但仍坚持操作纪律，尾盘卖出每股亏5分，认赌服输,05-21 15:14
73,跌停吧？,05-21 14:45
79,算了，今天先割吧，来日再战,05-21 14:45
75,主力也就踏马这点格局,05-21 14:42
89,你弱任你弱，清风拂山岗，庄横任他横，明月照大江。不到14元我绝不出手。锁仓。看你,05-21 14:40
74,下跌就不会只有一天，明天更差,05-21 14:37
98,要跑吗,05-21 14:28
176,朗威股份最近的图形走的很好，今天孕育图也漂亮，预计本月底前要展开一轮大爆发，期待,05-21 14:28
488,哪位大神可以解释下这类走势,05-21 14:27
68,快浮出水面，潜一天了，累不累？,05-21 14:26
81,旅游板块跌幅榜龙头，了！,05-21 14:16
312,连续放量三天，，今天调整很正常，昨天追高的，最起码一个星期出不来了，这个票的主力,05-21 14:15
79,资金都去拉银行拉指数了，普跌行情。,05-21 13:54
86,居然5000多家倒数，也没涨多少，看来这股真不能碰,05-21 13:51
176,走了守住利润，试探性下跌要大跌了。,05-21 13:50
79,站不回13，明天要挨打了,05-21 13:49
89,今天买入看看。,05-21 13:47
78,这大哥跌的有点过分了,05-21 13:44
83,都没涨停过就跌这么狠不知道的还以为之前大涨七八个涨停呢,05-21 13:42
76,凉透了,05-21 13:39
85,这个钩状有点坏，解套以后再也不来了,05-21 13:37
417,请问华西连续十三个跌停，周五爆量拉升地天板，这ST华西(SZ002630)*ST,05-21 13:34
104,这是要开始跌停了吗,05-21 13:31
75,跑三天阳，现在就像只,05-21 13:27
84,出货了,05-21 13:21
85,我也是被套了,05-21 13:21
76,熙熙攘攘皆为利来，熙熙攘攘皆为利往。,05-21 13:19
134,今天暗盘跑了将近一个亿，大家自己想吧，我昨天进了，割了，再也不来了,05-21 12:52
280,"走了，亏2W,大坑货。",05-21 12:42
289,今天涨吗？有大神分析下,05-21 12:27
262,等下就大涨了，可以买了,05-21 12:21
97,已割,05-21 12:17
125,是谁？昨天刚过520。今天就发现自己头上绿油油的。,05-21 12:12
65,坑货，昨天卖不了，今天就猛砸,05-21 12:02
103,这三天拉起来算什么,05-21 11:21
113,这个票在11.92附近加仓，支撑位，差不多端午节前后有一波行情,05-21 11:18
76,每次都这样上次51还以为有行情结果连续跌,05-21 11:17
80,这种玩法不适合我,05-21 11:17
132,不好意思啊，因为我买了，这个月没红个一天，大A就见不到我好,05-21 11:16
142,缩量了，目前来看，上方压力位13.92突破不了，接下来还会回调两天，然后就可以进,05-21 11:15
77,亏了5w走了要连续跌了可怕,05-21 11:13
74,就这样在水下潜水吗？,05-21 11:12
366,明天来一个涨停可好,05-21 11:05
170,玛德，昨天追进去就被套了,05-21 11:04
78,看趋势，赚大钱。耐心，静等花开。,05-21 11:03
84,不管是板块还是股票，刚开始关注的人越少越能赚大钱。,05-21 10:48
99,广州启动免税店，广州岭南股份十自主可控十国资十重组,05-21 10:45
72,比昨天最高价跌了1块，早知道卖点，都是贪心惹的祸，没利润了两个跌停我就走，先拿着,05-21 10:43
154,卖了，信了*的嘴买天府旅游和你，果然让你干什么反着就对了，建议我们不要买黄金，要,05-21 10:41
71,这么垃,05-21 10:38
278,无语，卖出，点成买入了，，你们信不，顾着刷抖音看美女，点成买入了，,05-21 10:28
148,呵呵，还好昨天高抛一半，今天看情况决定要不要接回,05-21 10:22
106,完美,05-21 10:19
110,清了,05-21 10:13
88,抄个底被埋？,05-21 09:59
97,13.1建仓，13.9离场,05-21 09:58
70,还是没跑掉,05-21 09:57
65,兄弟们不要怕技术性调整,05-21 09:54
57,不会跌停吧,05-21 09:54
60,只能一个字牛开盘即是巅峰,05-21 09:50
65,你是和圣亚水火不容吗？,05-21 09:50
58,真狠,05-21 09:37
60,专盯着我薅啊,05-21 09:33
56,冲高回落,05-21 09:33
55,都说，都想涨的时候就是套人的开始,05-21 09:26
49,拉寄真的拉寄,05-21 09:25
73,岭南控股：融资净买入155.68万元，融资余额1.23亿元（05-20）,05-21 09:06
345,卖不了，好烦呐,05-21 08:04
9482,岭南控股携手中免集团等公司 拟成立广州市内免税店,05-21 07:30
212,$岭南控股(SZ000524)$,05-21 04:46
308,我13.4追进去的，请问我这是不是又站在制高点了,05-21 00:29
856,原判断，在免税批复后，会是一波，连续涨停的两日游行情，实际却走出了慢牛行情，这个,05-20 23:44
421,这个尾盘，明天能好吗？,05-20 23:06
281,成本13.55站岗了,05-20 21:58
132,13.0的拿了那么久终于看到收益了～明天一个涨停我就卖了…3500股,05-20 21:24
303,旅游股，自媒体还没有铺天盖地的吹，还可以炒几天！本轮龙头，量价齐升，还未放量加速,05-20 21:08
150,你好，我要一张情侣大床房前台：先生不好意思今天全部订满了..,05-20 21:07
130,来，开局，明天涨还是跌………我说跌,05-20 20:55
2894,NFT概念涨2.74%，主力资金净流入这些股,05-20 19:16
106,昨天进个底仓，520，521继续给我拉升,05-20 19:12
